month_start,fy_label,structuring_alerts,false_positives,escalated,customers_active,alerts_per_100_clients,mom_change,moving_avg_3m,running_total,fy_ytd
2023-07-01,FY24,0,0,0,17,0.0,,0.0,0,0
2023-08-01,FY24,2,2,0,23,8.7,2,1.0,2,2
2023-09-01,FY24,0,0,0,33,0.0,-2,0.67,2,2
2023-10-01,FY24,2,2,0,44,4.55,2,1.33,4,4
2023-11-01,FY24,3,3,0,49,6.12,1,1.67,7,7
2023-12-01,FY24,1,1,0,52,1.92,-2,2.0,8,8
2024-01-01,FY24,3,2,0,57,5.26,2,2.33,11,11
2024-02-01,FY24,3,1,0,66,4.55,0,2.33,14,14
2024-03-01,FY24,2,1,1,80,2.5,-1,2.67,16,16
2024-04-01,FY24,5,4,1,86,5.81,3,3.33,21,21
2024-05-01,FY24,4,1,1,94,4.26,-1,3.67,25,25
2024-06-01,FY24,4,3,1,102,3.92,0,4.33,29,29
2024-07-01,FY25,2,2,0,110,1.82,-2,3.33,31,2
2024-08-01,FY25,1,1,0,118,0.85,-1,2.33,32,3
2024-09-01,FY25,5,2,1,124,4.03,4,2.67,37,8
2024-10-01,FY25,3,3,0,128,2.34,-2,3.0,40,11
2024-11-01,FY25,4,3,1,134,2.99,1,4.0,44,15
2024-12-01,FY25,2,1,1,142,1.41,-2,3.0,46,17
2025-01-01,FY25,8,5,2,151,5.3,6,4.67,54,25
2025-02-01,FY25,3,3,0,157,1.91,-5,4.33,57,28
2025-03-01,FY25,4,3,0,164,2.44,1,5.0,61,32
2025-04-01,FY25,7,6,0,175,4.0,3,4.67,68,39
2025-05-01,FY25,10,7,0,188,5.32,3,7.0,78,49
2025-06-01,FY25,3,1,1,200,1.5,-7,6.67,81,52
2025-07-01,FY26,10,6,4,217,4.61,7,7.67,91,10
2025-08-01,FY26,13,9,2,233,5.58,3,8.67,104,23
2025-09-01,FY26,8,3,1,236,3.39,-5,10.33,112,31
