customer_id,display_name,structure,is_company,jurisdiction,pep_level,cash_intensive_business,primary_matter_type,designated_service,delivery_channel,occupation,declared_annual_income_aud,onboarded_date,customer_type_score,jurisdiction_score,service_score,channel_score
CUST-10000,Allison Hill,Individual,False,Canada,Not a PEP,True,Company Formation,Item 7 - Acting as director/secretary for a client entity,Remote (video/email only),Nurse,56000.0,2025-09-13,2,0,1,1
CUST-10001,Noah Rhodes,Individual,False,United Arab Emirates,Not a PEP,False,Business Sale & Purchase,Item 3 - Managing client money in a transaction,Remote (video/email only),Engineer,111000.0,2025-08-01,0,1,0,1
CUST-10002,Angie Henderson,Individual,False,Singapore,Not a PEP,False,Residential Conveyancing,Item 3 - Managing client money in a transaction,Remote (video/email only),Small Business Owner,202000.0,2026-05-12,0,0,0,1
CUST-10003,Davis and Sons,Family Trust,True,Singapore,Not a PEP,False,Business Sale & Purchase,Item 3 - Managing client money in a transaction,Remote (video/email only),Small Business Owner,171000.0,2025-12-16,1,0,0,1
CUST-10004,Alyssa Gonzalez,Individual,False,Canada,Not a PEP,False,Nominee Shareholder Arrangement,Item 8 - Acting as nominee shareholder,Face-to-face,Teacher,56000.0,2026-07-22,0,0,2,0
CUST-10005,"Miles, Barnes and Cole",Pty Ltd Company - multi-layer ownership,True,New Zealand,Not a PEP,False,Debt Financing Transaction,Item 4 - Assisting with debt financing,Face-to-face,Accountant,113000.0,2026-04-03,1,0,1,0
CUST-10006,Sean Blake,Individual,False,Canada,Not a PEP,False,Estate Administration,Item 3 - Managing client money in a transaction,Face-to-face,Investment Manager,414000.0,2026-05-22,0,0,0,0
CUST-10007,Jay Ramirez,Individual,False,United Kingdom,Not a PEP,False,Estate Administration,Item 3 - Managing client money in a transaction,Face-to-face,Tradesperson,95000.0,2025-02-28,0,0,0,0
CUST-10008,Bernard LLC,Pty Ltd Company - simple,True,Australia,Not a PEP,False,Nominee Shareholder Arrangement,Item 8 - Acting as nominee shareholder,Remote (video/email only),Real Estate Agent,109000.0,2025-06-04,0,0,2,1
CUST-10009,James Howard,Individual,False,Canada,Not a PEP,False,Nominee Shareholder Arrangement,Item 8 - Acting as nominee shareholder,Via intermediary/referrer,Import/Export Trader,540000.0,2025-03-22,0,0,2,1
CUST-10010,Munoz-Roman,Foreign-incorporated entity,True,Singapore,Not a PEP,False,Nominee Shareholder Arrangement,Item 8 - Acting as nominee shareholder,Via intermediary/referrer,Accountant,97000.0,2025-08-17,1,0,2,1
CUST-10011,"Stevens, Martinez and Nielsen",Pty Ltd Company - simple,True,United States,Not a PEP,False,Commercial Conveyancing,Item 3 - Managing client money in a transaction,Remote (video/email only),Engineer,191000.0,2026-04-14,0,0,0,1
CUST-10012,Arnold Ltd,Discretionary Trust,True,United Kingdom,Not a PEP,False,Estate Administration,Item 3 - Managing client money in a transaction,Via intermediary/referrer,Investment Manager,491000.0,2025-03-12,0,0,0,1
CUST-10013,"Mcclure, Ward and Lee",Pty Ltd Company - multi-layer ownership,True,Cyprus,Not a PEP,True,Nominee Shareholder Arrangement,Item 8 - Acting as nominee shareholder,Face-to-face,Teacher,80000.0,2025-09-19,2,1,2,0
CUST-10014,Matthew Mejia,Individual,False,Canada,Not a PEP,False,Company Formation,Item 7 - Acting as director/secretary for a client entity,Remote (video/email only),Property Developer,312000.0,2025-04-26,0,0,1,1
CUST-10015,Wyatt Inc,Family Trust,True,New Zealand,Not a PEP,False,Estate Administration,Item 3 - Managing client money in a transaction,Face-to-face,Small Business Owner,103000.0,2026-05-04,0,0,0,0
CUST-10016,Jesse Flowers,Individual,False,Germany,Not a PEP,False,Nominee Director Arrangement,Item 7 - Acting as director for a client entity,Face-to-face,Property Developer,527000.0,2026-05-15,0,0,2,0
CUST-10017,Henry Santiago,Individual,False,Australia,Not a PEP,False,Trust Establishment,Item 7 - Acting as trustee for a client entity,Face-to-face,IT Consultant,203000.0,2026-06-24,0,0,1,0
CUST-10018,Melinda Jones,Individual,False,Japan,Not a PEP,False,Nominee Director Arrangement,Item 7 - Acting as director for a client entity,Face-to-face,Engineer,178000.0,2025-04-12,0,0,2,0
CUST-10019,Kimberly Sanchez,Individual,False,United States,Not a PEP,False,Nominee Shareholder Arrangement,Item 8 - Acting as nominee shareholder,Face-to-face,Teacher,74000.0,2025-03-27,0,0,2,0
CUST-10020,Gray-Mayo,Unit Trust,True,New Zealand,Not a PEP,False,Commercial Conveyancing,Item 3 - Managing client money in a transaction,Remote (video/email only),Teacher,92000.0,2025-01-08,0,0,0,1
CUST-10021,"Watts, Robinson and Nguyen",Foreign-incorporated entity,True,United Arab Emirates,Not a PEP,False,Nominee Shareholder Arrangement,Item 8 - Acting as nominee shareholder,Face-to-face,Administrator,81000.0,2025-12-22,1,1,2,0
CUST-10022,Perez Inc,Pty Ltd Company - simple,True,Canada,Not a PEP,False,Commercial Conveyancing,Item 3 - Managing client money in a transaction,Face-to-face,Engineer,220000.0,2026-06-09,0,0,0,0
CUST-10023,Morales-Jones,Unit Trust,True,Canada,Not a PEP,False,Commercial Conveyancing,Item 3 - Managing client money in a transaction,Remote (video/email only),Nurse,67000.0,2025-10-18,0,0,0,1
CUST-10024,"Walter, Edwards and Rios",Foreign-incorporated entity,True,Australia,Not a PEP,False,Commercial Conveyancing,Item 3 - Managing client money in a transaction,Via intermediary/referrer,Teacher,89000.0,2025-02-03,1,0,0,1
CUST-10025,Thomas Ellis,Individual,False,United States,Not a PEP,False,Business Sale & Purchase,Item 3 - Managing client money in a transaction,Face-to-face,Teacher,50000.0,2025-06-16,0,0,0,0
CUST-10026,Taylor-Mcgee,Pty Ltd Company - simple,True,Panama,Not a PEP,False,Business Sale & Purchase,Item 3 - Managing client money in a transaction,Face-to-face,Administrator,66000.0,2026-08-14,0,1,0,0
CUST-10027,Nicole Patterson,Individual,False,Cyprus,Not a PEP,False,Nominee Shareholder Arrangement,Item 8 - Acting as nominee shareholder,Face-to-face,Retail Manager,63000.0,2026-07-14,0,1,2,0
CUST-10028,"Ross, Robinson and Bright",Pty Ltd Company - multi-layer ownership,True,United States,Not a PEP,False,Nominee Shareholder Arrangement,Item 8 - Acting as nominee shareholder,Remote (video/email only),Tradesperson,82000.0,2025-12-24,1,0,2,1
CUST-10029,Ann Williams,Individual,False,United Kingdom,Not a PEP,True,Debt Financing Transaction,Item 4 - Assisting with debt financing,Remote (video/email only),Administrator,88000.0,2025-12-12,2,0,1,1
CUST-10030,Hernandez and Sons,Pty Ltd Company - simple,True,New Zealand,Not a PEP,False,Nominee Director Arrangement,Item 7 - Acting as director for a client entity,Face-to-face,Accountant,139000.0,2026-01-02,0,0,2,0
CUST-10031,Jennifer Brown,Individual,False,Democratic People's Republic of Korea,Not a PEP,False,Commercial Conveyancing,Item 3 - Managing client money in a transaction,Via intermediary/referrer,Administrator,70000.0,2024-09-27,0,2,0,1
CUST-10032,Carlson-Mcdonald,Unit Trust,True,Australia,Not a PEP,False,Company Formation,Item 7 - Acting as director/secretary for a client entity,Face-to-face,Company Director,261000.0,2025-10-06,0,0,1,0
CUST-10033,Maddox-Valencia,Family Trust,True,New Zealand,Not a PEP,False,Business Sale & Purchase,Item 3 - Managing client money in a transaction,Face-to-face,Tradesperson,91000.0,2024-10-06,0,0,0,0
CUST-10034,Nathan Maldonado,Individual,False,New Zealand,Not a PEP,False,Debt Financing Transaction,Item 4 - Assisting with debt financing,Remote (video/email only),Retail Manager,70000.0,2024-10-10,0,0,1,1
CUST-10035,"Potter, Mack and Peterson",Family Trust,True,Canada,Not a PEP,False,Estate Administration,Item 3 - Managing client money in a transaction,Remote (video/email only),Import/Export Trader,374000.0,2025-10-16,0,0,0,1
CUST-10036,Graham-Chavez,Pty Ltd Company - simple,True,Singapore,Not a PEP,False,Trust Establishment,Item 7 - Acting as trustee for a client entity,Face-to-face,IT Consultant,177000.0,2025-11-06,0,0,1,0
CUST-10037,"Liu, Baker and Mason",Unit Trust,True,Singapore,Not a PEP,False,Trust Establishment,Item 7 - Acting as trustee for a client entity,Remote (video/email only),Nurse,52000.0,2025-04-24,1,0,1,1
CUST-10038,Romero Inc,Foreign-incorporated entity,True,New Zealand,Not a PEP,False,Trust Establishment,Item 7 - Acting as trustee for a client entity,Remote (video/email only),Public Servant,57000.0,2024-10-21,1,0,1,1
CUST-10039,Elizabeth Fowler,Individual,False,New Zealand,Not a PEP,False,Nominee Shareholder Arrangement,Item 8 - Acting as nominee shareholder,Face-to-face,Small Business Owner,152000.0,2025-05-05,0,0,2,0
CUST-10040,"Gonzalez, Brooks and Martin",Unit Trust,True,Singapore,Not a PEP,False,Nominee Shareholder Arrangement,Item 8 - Acting as nominee shareholder,Face-to-face,Property Developer,561000.0,2025-04-24,0,0,2,0
CUST-10041,"Sellers, George and Burns",Discretionary Trust,True,United States,Not a PEP,False,Nominee Shareholder Arrangement,Item 8 - Acting as nominee shareholder,Face-to-face,Public Servant,49000.0,2025-11-18,1,0,2,0
CUST-10042,Hickman LLC,Pty Ltd Company - multi-layer ownership,True,New Zealand,Not a PEP,False,Company Formation,Item 7 - Acting as director/secretary for a client entity,Remote (video/email only),Public Servant,62000.0,2025-05-03,1,0,1,1
CUST-10043,Brown PLC,Family Trust,True,Cambodia,Not a PEP,False,Residential Conveyancing,Item 3 - Managing client money in a transaction,Remote (video/email only),Accountant,155000.0,2025-10-22,0,1,0,1
CUST-10044,Miller Group,Family Trust,True,Japan,Not a PEP,False,Trust Establishment,Item 7 - Acting as trustee for a client entity,Face-to-face,Public Servant,46000.0,2025-05-02,0,0,1,0
CUST-10045,Vanessa Patel,Individual,False,Australia,Not a PEP,False,Residential Conveyancing,Item 3 - Managing client money in a transaction,Face-to-face,Public Servant,54000.0,2025-11-30,0,0,0,0
CUST-10046,Anderson Group,Family Trust,True,Germany,Not a PEP,False,Estate Administration,Item 3 - Managing client money in a transaction,Face-to-face,Property Developer,316000.0,2026-08-04,1,0,0,0
CUST-10047,"Martin, Rose and Obrien",Unit Trust,True,Panama,Not a PEP,False,Residential Conveyancing,Item 3 - Managing client money in a transaction,Remote (video/email only),Investment Manager,539000.0,2025-04-26,1,1,0,1
CUST-10048,Tanya Campos,Individual,False,United States,Not a PEP,False,Debt Financing Transaction,Item 4 - Assisting with debt financing,Face-to-face,Small Business Owner,192000.0,2026-03-09,0,0,1,0
CUST-10049,"Harris, Collins and Carney",Pty Ltd Company - simple,True,United Arab Emirates,Not a PEP,False,Estate Administration,Item 3 - Managing client money in a transaction,Face-to-face,Small Business Owner,169000.0,2024-11-19,0,1,0,0
CUST-10050,Jessica Holmes,Individual,False,Panama,Not a PEP,False,Commercial Conveyancing,Item 3 - Managing client money in a transaction,Remote (video/email only),Small Business Owner,138000.0,2025-06-11,0,1,0,1
CUST-10051,Wright Inc,Pty Ltd Company - multi-layer ownership,True,Panama,Domestic PEP (low profile),False,Nominee Director Arrangement,Item 7 - Acting as director for a client entity,Face-to-face,Property Developer,489000.0,2025-06-04,1,1,2,0
CUST-10052,Kevin Hall,Individual,False,Canada,Not a PEP,False,Nominee Director Arrangement,Item 7 - Acting as director for a client entity,Face-to-face,Engineer,129000.0,2026-05-27,0,0,2,0
CUST-10053,Smith Ltd,Pty Ltd Company - simple,True,United States,Not a PEP,False,Estate Administration,Item 3 - Managing client money in a transaction,Face-to-face,Real Estate Agent,118000.0,2026-01-18,0,0,0,0
CUST-10054,"Brown, Jones and Johnson",Pty Ltd Company - multi-layer ownership,True,Singapore,Not a PEP,False,Business Sale & Purchase,Item 3 - Managing client money in a transaction,Face-to-face,IT Consultant,106000.0,2025-07-03,1,0,0,0
CUST-10055,Jones-Young,Discretionary Trust,True,United States,Not a PEP,False,Nominee Director Arrangement,Item 7 - Acting as director for a client entity,Face-to-face,Retail Manager,56000.0,2025-10-14,0,0,2,0
CUST-10056,"Washington, Ryan and Cummings",Foreign-incorporated entity,True,Singapore,Not a PEP,False,Debt Financing Transaction,Item 4 - Assisting with debt financing,Face-to-face,Real Estate Agent,126000.0,2026-04-22,1,0,1,0
CUST-10057,Laura Sanchez,Individual,False,United Kingdom,Not a PEP,False,Business Sale & Purchase,Item 3 - Managing client money in a transaction,Remote (video/email only),Import/Export Trader,593000.0,2025-10-24,0,0,0,1
CUST-10058,Jason Davis,Individual,False,Canada,Domestic PEP (low profile),False,Business Sale & Purchase,Item 3 - Managing client money in a transaction,Face-to-face,Retail Manager,80000.0,2026-04-16,1,0,0,0
CUST-10059,"Jordan, Henderson and Owens",Discretionary Trust,True,United Arab Emirates,Not a PEP,False,Nominee Director Arrangement,Item 7 - Acting as director for a client entity,Face-to-face,Import/Export Trader,578000.0,2026-06-18,0,1,2,0
CUST-10060,"Brown, Valdez and Lucas",Family Trust,True,Australia,Not a PEP,False,Business Sale & Purchase,Item 3 - Managing client money in a transaction,Face-to-face,Tradesperson,83000.0,2024-11-28,0,0,0,0
CUST-10061,Nicholas Mcbride,Individual,False,Japan,Not a PEP,False,Estate Administration,Item 3 - Managing client money in a transaction,Face-to-face,Engineer,215000.0,2026-05-14,0,0,0,0
CUST-10062,Corey Herrera,Individual,False,Canada,Not a PEP,False,Company Formation,Item 7 - Acting as director/secretary for a client entity,Face-to-face,Public Servant,68000.0,2024-12-23,0,0,1,0
CUST-10063,Henderson LLC,Discretionary Trust,True,United States,Not a PEP,False,Nominee Director Arrangement,Item 7 - Acting as director for a client entity,Face-to-face,Retail Manager,84000.0,2024-10-15,0,0,2,0
CUST-10064,Shannon Jones,Individual,False,United States,Not a PEP,False,Company Formation,Item 7 - Acting as director/secretary for a client entity,Face-to-face,Retail Manager,75000.0,2025-01-18,0,0,1,0
CUST-10065,"Garcia, Pearson and Fernandez",Pty Ltd Company - simple,True,Germany,Not a PEP,False,Business Sale & Purchase,Item 3 - Managing client money in a transaction,Face-to-face,Small Business Owner,170000.0,2025-06-07,0,0,0,0
CUST-10066,Novak and Sons,Pty Ltd Company - multi-layer ownership,True,Australia,Not a PEP,False,Residential Conveyancing,Item 3 - Managing client money in a transaction,Via intermediary/referrer,Real Estate Agent,167000.0,2026-02-25,1,0,0,1
CUST-10067,Russell Group,Discretionary Trust,True,Germany,Not a PEP,False,Estate Administration,Item 3 - Managing client money in a transaction,Remote (video/email only),Small Business Owner,154000.0,2025-09-29,0,0,0,1
CUST-10068,James Brown,Individual,False,Singapore,Not a PEP,False,Estate Administration,Item 3 - Managing client money in a transaction,Remote (video/email only),Accountant,106000.0,2025-12-08,0,0,0,1
CUST-10069,Smith-Myers,Pty Ltd Company - multi-layer ownership,True,Cambodia,Not a PEP,False,Residential Conveyancing,Item 3 - Managing client money in a transaction,Remote (video/email only),Accountant,102000.0,2025-03-11,1,1,0,1
CUST-10070,Mitchell-Horton,Pty Ltd Company - multi-layer ownership,True,Germany,Not a PEP,False,Trust Establishment,Item 7 - Acting as trustee for a client entity,Face-to-face,Retail Manager,67000.0,2025-04-14,1,0,1,0
CUST-10071,Rachel Stanley,Individual,False,Yemen,Not a PEP,False,Business Sale & Purchase,Item 3 - Managing client money in a transaction,Face-to-face,Small Business Owner,123000.0,2026-04-29,0,2,0,0
CUST-10072,Moore-Phillips,Discretionary Trust,True,United Kingdom,Not a PEP,False,Nominee Shareholder Arrangement,Item 8 - Acting as nominee shareholder,Remote (video/email only),Public Servant,94000.0,2025-02-05,1,0,2,1
CUST-10073,Lauren Daniels,Individual,False,United Kingdom,Not a PEP,False,Estate Administration,Item 3 - Managing client money in a transaction,Face-to-face,Real Estate Agent,198000.0,2025-11-07,0,0,0,0
CUST-10074,"Edwards, Williams and Woods",Pty Ltd Company - simple,True,Germany,Not a PEP,False,Nominee Director Arrangement,Item 7 - Acting as director for a client entity,Face-to-face,Engineer,142000.0,2025-09-28,0,0,2,0
CUST-10075,Kim Brown,Individual,False,United States,Not a PEP,False,Estate Administration,Item 3 - Managing client money in a transaction,Face-to-face,Accountant,143000.0,2024-10-13,0,0,0,0
CUST-10076,Sarah Jones,Individual,False,Australia,Not a PEP,False,Debt Financing Transaction,Item 4 - Assisting with debt financing,Remote (video/email only),Property Developer,258000.0,2025-05-13,0,0,1,1
CUST-10077,Scott Powell,Individual,False,Japan,Not a PEP,False,Commercial Conveyancing,Item 3 - Managing client money in a transaction,Face-to-face,Import/Export Trader,457000.0,2025-07-12,0,0,0,0
CUST-10078,Laura Riley,Individual,False,Japan,Not a PEP,False,Nominee Director Arrangement,Item 7 - Acting as director for a client entity,Remote (video/email only),Teacher,57000.0,2024-09-22,0,0,2,1
CUST-10079,Harvey Group,Pty Ltd Company - simple,True,New Zealand,Not a PEP,False,Commercial Conveyancing,Item 3 - Managing client money in a transaction,Face-to-face,Small Business Owner,101000.0,2026-06-27,0,0,0,0
CUST-10080,"Silva, Mills and Donovan",Pty Ltd Company - simple,True,Japan,Not a PEP,False,Company Formation,Item 7 - Acting as director/secretary for a client entity,Face-to-face,Public Servant,76000.0,2025-12-20,0,0,1,0
CUST-10081,Santiago LLC,Discretionary Trust,True,United Kingdom,Not a PEP,False,Nominee Director Arrangement,Item 7 - Acting as director for a client entity,Face-to-face,Public Servant,90000.0,2026-03-15,0,0,2,0
CUST-10082,James Powers,Individual,False,Singapore,Not a PEP,False,Estate Administration,Item 3 - Managing client money in a transaction,Remote (video/email only),Real Estate Agent,120000.0,2025-07-26,0,0,0,1
CUST-10083,Bryant-Hickman,Discretionary Trust,True,Cambodia,Not a PEP,False,Business Sale & Purchase,Item 3 - Managing client money in a transaction,Face-to-face,Accountant,129000.0,2024-09-20,0,1,0,0
CUST-10084,Alexandra Howell,Individual,False,Germany,Not a PEP,False,Trust Establishment,Item 7 - Acting as trustee for a client entity,Face-to-face,Administrator,55000.0,2025-12-10,0,0,1,0
CUST-10085,Ariel Medina,Individual,False,Australia,Not a PEP,False,Debt Financing Transaction,Item 4 - Assisting with debt financing,Remote (video/email only),Retail Manager,61000.0,2025-06-24,0,0,1,1
CUST-10086,Brandi Bailey,Individual,False,Singapore,Not a PEP,False,Company Formation,Item 7 - Acting as director/secretary for a client entity,Face-to-face,Accountant,216000.0,2025-10-25,0,0,1,0
CUST-10087,Suarez LLC,Pty Ltd Company - multi-layer ownership,True,Germany,Not a PEP,False,Trust Establishment,Item 7 - Acting as trustee for a client entity,Remote (video/email only),Accountant,216000.0,2025-01-30,1,0,1,1
CUST-10088,Moore-Bass,Pty Ltd Company - multi-layer ownership,True,Cambodia,Domestic PEP (low profile),False,Nominee Director Arrangement,Item 7 - Acting as director for a client entity,Face-to-face,Real Estate Agent,168000.0,2024-11-08,1,1,2,0
CUST-10089,"Turner, Riggs and Roman",Pty Ltd Company - multi-layer ownership,True,Cyprus,Not a PEP,False,Nominee Shareholder Arrangement,Item 8 - Acting as nominee shareholder,Face-to-face,Small Business Owner,174000.0,2025-05-05,1,1,2,0
CUST-10090,"Smith, Montoya and Evans",Pty Ltd Company - simple,True,New Zealand,Not a PEP,False,Business Sale & Purchase,Item 3 - Managing client money in a transaction,Via intermediary/referrer,Nurse,89000.0,2026-04-07,0,0,0,1
CUST-10091,"Garcia, Humphrey and Baker",Family Trust,True,Japan,Not a PEP,False,Estate Administration,Item 3 - Managing client money in a transaction,Remote (video/email only),Engineer,146000.0,2026-07-21,0,0,0,1
CUST-10092,Newton and Sons,Pty Ltd Company - multi-layer ownership,True,Germany,Not a PEP,False,Commercial Conveyancing,Item 3 - Managing client money in a transaction,Via intermediary/referrer,Administrator,63000.0,2025-07-12,1,0,0,1
CUST-10093,Campbell-Clark,Pty Ltd Company - simple,True,New Zealand,Not a PEP,False,Commercial Conveyancing,Item 3 - Managing client money in a transaction,Remote (video/email only),Engineer,216000.0,2026-07-03,0,0,0,1
CUST-10094,Harris-Walters,Pty Ltd Company - multi-layer ownership,True,United Kingdom,Not a PEP,False,Nominee Shareholder Arrangement,Item 8 - Acting as nominee shareholder,Face-to-face,Nurse,61000.0,2026-03-25,1,0,2,0
CUST-10095,Wagner-King,Foreign-incorporated entity,True,Democratic People's Republic of Korea,Not a PEP,False,Company Formation,Item 7 - Acting as director/secretary for a client entity,Face-to-face,Investment Manager,226000.0,2025-12-23,1,2,1,0
CUST-10096,Davis Group,Foreign-incorporated entity,True,United Kingdom,Not a PEP,False,Estate Administration,Item 3 - Managing client money in a transaction,Face-to-face,Accountant,151000.0,2025-08-18,1,0,0,0
CUST-10097,Williams-Cook,Unit Trust,True,Germany,Not a PEP,False,Residential Conveyancing,Item 3 - Managing client money in a transaction,Remote (video/email only),Import/Export Trader,394000.0,2026-06-22,0,0,0,1
CUST-10098,Walsh LLC,Discretionary Trust,True,Japan,Not a PEP,False,Nominee Director Arrangement,Item 7 - Acting as director for a client entity,Face-to-face,Tradesperson,52000.0,2024-11-22,1,0,2,0
CUST-10099,Figueroa PLC,Foreign-incorporated entity,True,Singapore,Not a PEP,False,Business Sale & Purchase,Item 3 - Managing client money in a transaction,Face-to-face,Small Business Owner,194000.0,2026-04-28,1,0,0,0
CUST-10100,"Patterson, Smith and Jones",Unit Trust,True,United States,Not a PEP,False,Estate Administration,Item 3 - Managing client money in a transaction,Face-to-face,Accountant,186000.0,2025-10-07,0,0,0,0
CUST-10101,"Mckee, Gardner and Davenport",Pty Ltd Company - multi-layer ownership,True,United Kingdom,Not a PEP,False,Commercial Conveyancing,Item 3 - Managing client money in a transaction,Remote (video/email only),Teacher,82000.0,2024-12-31,1,0,0,1
CUST-10102,"Tran, Jordan and Williams",Unit Trust,True,New Zealand,Not a PEP,False,Estate Administration,Item 3 - Managing client money in a transaction,Remote (video/email only),Real Estate Agent,170000.0,2025-01-09,0,0,0,1
CUST-10103,Nolan-Flynn,Unit Trust,True,Germany,Not a PEP,False,Nominee Shareholder Arrangement,Item 8 - Acting as nominee shareholder,Face-to-face,Engineer,123000.0,2025-01-26,0,0,2,0
CUST-10104,Nolan and Sons,Foreign-incorporated entity,True,Australia,Not a PEP,False,Business Sale & Purchase,Item 3 - Managing client money in a transaction,Face-to-face,Retail Manager,91000.0,2025-08-29,1,0,0,0
CUST-10105,Mary Gomez,Individual,False,United Kingdom,Not a PEP,False,Company Formation,Item 7 - Acting as director/secretary for a client entity,Remote (video/email only),Company Director,504000.0,2026-01-15,0,0,1,1
CUST-10106,"Henson, Russell and Oliver",Family Trust,True,Singapore,Not a PEP,False,Debt Financing Transaction,Item 4 - Assisting with debt financing,Remote (video/email only),Small Business Owner,205000.0,2024-11-29,1,0,1,1
CUST-10107,Timothy Hancock,Individual,False,Canada,Not a PEP,False,Nominee Director Arrangement,Item 7 - Acting as director for a client entity,Face-to-face,Tradesperson,51000.0,2025-06-09,0,0,2,0
CUST-10108,Rita Keith,Individual,False,Germany,Not a PEP,False,Trust Establishment,Item 7 - Acting as trustee for a client entity,Face-to-face,Small Business Owner,121000.0,2026-01-19,0,0,1,0
CUST-10109,Norman Cook,Individual,False,Canada,Not a PEP,True,Estate Administration,Item 3 - Managing client money in a transaction,Face-to-face,Administrator,57000.0,2025-01-28,2,0,0,0
CUST-10110,Pham-Shields,Pty Ltd Company - multi-layer ownership,True,United Arab Emirates,Not a PEP,False,Commercial Conveyancing,Item 3 - Managing client money in a transaction,Remote (video/email only),Engineer,146000.0,2024-11-06,1,1,0,1
CUST-10111,Adams Ltd,Foreign-incorporated entity,True,Japan,Domestic PEP (low profile),False,Nominee Director Arrangement,Item 7 - Acting as director for a client entity,Remote (video/email only),Company Director,386000.0,2025-03-05,1,0,2,1
CUST-10112,Shane Garrison,Individual,False,Canada,Not a PEP,False,Company Formation,Item 7 - Acting as director/secretary for a client entity,Face-to-face,Engineer,159000.0,2025-08-31,0,0,1,0
CUST-10113,Gonzalez Group,Pty Ltd Company - multi-layer ownership,True,United Kingdom,Not a PEP,False,Trust Establishment,Item 7 - Acting as trustee for a client entity,Face-to-face,Administrator,49000.0,2024-11-18,1,0,1,0
CUST-10114,Torres-Pope,Discretionary Trust,True,Iran,Not a PEP,False,Debt Financing Transaction,Item 4 - Assisting with debt financing,Remote (video/email only),IT Consultant,150000.0,2025-08-28,0,2,1,1
CUST-10115,Walker Ltd,Unit Trust,True,Cambodia,Not a PEP,False,Business Sale & Purchase,Item 3 - Managing client money in a transaction,Face-to-face,Company Director,454000.0,2025-05-07,0,1,0,0
CUST-10116,Ross LLC,Foreign-incorporated entity,True,Australia,Not a PEP,False,Trust Establishment,Item 7 - Acting as trustee for a client entity,Face-to-face,IT Consultant,215000.0,2025-05-19,1,0,1,0
CUST-10117,Tracy Ramirez,Individual,False,Singapore,Not a PEP,False,Company Formation,Item 7 - Acting as director/secretary for a client entity,Face-to-face,Accountant,161000.0,2024-12-07,0,0,1,0
CUST-10118,Jennifer Zavala,Individual,False,Canada,Not a PEP,False,Residential Conveyancing,Item 3 - Managing client money in a transaction,Remote (video/email only),Small Business Owner,136000.0,2025-01-29,0,0,0,1
CUST-10119,"Rivera, Johnson and Wiley",Family Trust,True,United Kingdom,Not a PEP,False,Company Formation,Item 7 - Acting as director/secretary for a client entity,Via intermediary/referrer,Administrator,80000.0,2025-01-28,1,0,1,1
CUST-10120,White-Estes,Family Trust,True,Singapore,Not a PEP,False,Nominee Shareholder Arrangement,Item 8 - Acting as nominee shareholder,Face-to-face,Engineer,140000.0,2026-02-20,0,0,2,0
CUST-10121,Brian Hamilton,Individual,False,Germany,Not a PEP,False,Company Formation,Item 7 - Acting as director/secretary for a client entity,Face-to-face,Small Business Owner,158000.0,2025-02-17,0,0,1,0
CUST-10122,"Hartman, Graham and Joyce",Unit Trust,True,Panama,Not a PEP,False,Estate Administration,Item 3 - Managing client money in a transaction,Face-to-face,Administrator,84000.0,2026-03-07,0,1,0,0
CUST-10123,Cruz PLC,Discretionary Trust,True,Panama,Not a PEP,False,Nominee Director Arrangement,Item 7 - Acting as director for a client entity,Face-to-face,Accountant,124000.0,2025-04-30,1,1,2,0
CUST-10124,Andrew Graham,Individual,False,Germany,Not a PEP,False,Estate Administration,Item 3 - Managing client money in a transaction,Face-to-face,Nurse,86000.0,2024-12-12,0,0,0,0
CUST-10125,Renee Mcdaniel,Pty Ltd Company - multi-layer ownership,False,Yemen,Not a PEP,False,Nominee Shareholder Arrangement,Item 8 - Acting as nominee shareholder,Via intermediary/referrer,Engineer,201000.0,2026-03-26,1,2,2,1
CUST-10126,"Mclaughlin, Gonzalez and Reynolds",Family Trust,True,Cyprus,Not a PEP,False,Residential Conveyancing,Item 3 - Managing client money in a transaction,Face-to-face,Retail Manager,57000.0,2025-08-05,0,1,0,0
CUST-10127,Tammie Hanson,Individual,False,Myanmar,Not a PEP,False,Company Formation,Item 7 - Acting as director/secretary for a client entity,Face-to-face,Public Servant,80000.0,2026-04-03,0,2,1,0
CUST-10128,"Charles, Cortez and Evans",Discretionary Trust,True,Australia,Not a PEP,True,Trust Establishment,Item 7 - Acting as trustee for a client entity,Remote (video/email only),Engineer,161000.0,2025-11-01,2,0,1,1
CUST-10129,Jason Powell,Individual,False,Australia,Not a PEP,False,Nominee Director Arrangement,Item 7 - Acting as director for a client entity,Face-to-face,Accountant,170000.0,2026-08-07,0,0,2,0
CUST-10130,Spencer-Lee,Unit Trust,True,United Kingdom,Not a PEP,True,Debt Financing Transaction,Item 4 - Assisting with debt financing,Face-to-face,Administrator,78000.0,2025-08-19,2,0,1,0
CUST-10131,Jamie Adkins,Individual,False,Australia,Not a PEP,False,Estate Administration,Item 3 - Managing client money in a transaction,Via intermediary/referrer,Teacher,63000.0,2026-06-15,0,0,0,1
CUST-10132,Gilbert LLC,Pty Ltd Company - multi-layer ownership,True,New Zealand,Not a PEP,False,Debt Financing Transaction,Item 4 - Assisting with debt financing,Face-to-face,Retail Manager,86000.0,2026-02-25,1,0,1,0
CUST-10133,Kelley-Smith,Discretionary Trust,True,Germany,Not a PEP,False,Commercial Conveyancing,Item 3 - Managing client money in a transaction,Remote (video/email only),Company Director,332000.0,2026-01-31,1,0,0,1
CUST-10134,Jeffrey Carpenter,Individual,False,Canada,Not a PEP,False,Nominee Shareholder Arrangement,Item 8 - Acting as nominee shareholder,Face-to-face,Administrator,55000.0,2025-08-23,0,0,2,0
CUST-10135,Julie Ramos,Individual,False,Singapore,Not a PEP,False,Estate Administration,Item 3 - Managing client money in a transaction,Remote (video/email only),Accountant,137000.0,2026-02-13,0,0,0,1
CUST-10136,Dixon Ltd,Discretionary Trust,True,Singapore,Not a PEP,False,Commercial Conveyancing,Item 3 - Managing client money in a transaction,Remote (video/email only),Tradesperson,95000.0,2025-10-27,1,0,0,1
CUST-10137,Hopkins LLC,Pty Ltd Company - multi-layer ownership,True,Panama,Not a PEP,False,Estate Administration,Item 3 - Managing client money in a transaction,Face-to-face,Public Servant,47000.0,2025-08-27,1,1,0,0
CUST-10138,"Beck, Harvey and Davis",Foreign-incorporated entity,True,Canada,Not a PEP,False,Residential Conveyancing,Item 3 - Managing client money in a transaction,Face-to-face,Real Estate Agent,159000.0,2024-09-27,1,0,0,0
CUST-10139,Cynthia Collins,Individual,False,United Kingdom,Not a PEP,False,Nominee Director Arrangement,Item 7 - Acting as director for a client entity,Face-to-face,Administrator,63000.0,2025-07-27,0,0,2,0
CUST-10140,Hernandez Inc,Foreign-incorporated entity,True,Myanmar,Not a PEP,False,Debt Financing Transaction,Item 4 - Assisting with debt financing,Face-to-face,Nurse,71000.0,2026-07-28,1,2,1,0
CUST-10141,John Atkinson,Individual,False,Japan,Not a PEP,False,Business Sale & Purchase,Item 3 - Managing client money in a transaction,Remote (video/email only),Tradesperson,59000.0,2025-04-08,0,0,0,1
CUST-10142,Jason Soto,Individual,False,United Arab Emirates,Not a PEP,False,Nominee Director Arrangement,Item 7 - Acting as director for a client entity,Via intermediary/referrer,Real Estate Agent,178000.0,2026-06-18,0,1,2,1
CUST-10143,Higgins Group,Unit Trust,True,Canada,Not a PEP,False,Company Formation,Item 7 - Acting as director/secretary for a client entity,Remote (video/email only),Small Business Owner,218000.0,2025-12-24,0,0,1,1
CUST-10144,Ross-Hernandez,Discretionary Trust,True,Yemen,Not a PEP,False,Nominee Shareholder Arrangement,Item 8 - Acting as nominee shareholder,Face-to-face,Company Director,338000.0,2025-04-20,0,2,2,0
CUST-10145,"Smith, Potter and Carrillo",Unit Trust,True,Japan,Not a PEP,False,Debt Financing Transaction,Item 4 - Assisting with debt financing,Remote (video/email only),Administrator,71000.0,2025-02-05,1,0,1,1
CUST-10146,Osborne and Sons,Foreign-incorporated entity,True,United Kingdom,Not a PEP,False,Residential Conveyancing,Item 3 - Managing client money in a transaction,Remote (video/email only),Real Estate Agent,116000.0,2025-09-27,1,0,0,1
CUST-10147,Tyler Holmes,Individual,False,Canada,Not a PEP,False,Nominee Shareholder Arrangement,Item 8 - Acting as nominee shareholder,Face-to-face,Engineer,162000.0,2025-03-27,0,0,2,0
CUST-10148,David Charles,Individual,False,United Kingdom,Not a PEP,False,Debt Financing Transaction,Item 4 - Assisting with debt financing,Remote (video/email only),Small Business Owner,105000.0,2024-11-05,0,0,1,1
CUST-10149,Anderson-Marshall,Foreign-incorporated entity,True,United States,Not a PEP,False,Residential Conveyancing,Item 3 - Managing client money in a transaction,Face-to-face,Real Estate Agent,175000.0,2025-10-18,1,0,0,0
CUST-10150,"Travis, Larson and Dodson",Discretionary Trust,True,Japan,Not a PEP,False,Residential Conveyancing,Item 3 - Managing client money in a transaction,Face-to-face,Public Servant,55000.0,2025-10-07,0,0,0,0
CUST-10151,Salazar-Ball,Pty Ltd Company - multi-layer ownership,True,Singapore,Not a PEP,False,Debt Financing Transaction,Item 4 - Assisting with debt financing,Face-to-face,Nurse,68000.0,2025-11-23,1,0,1,0
CUST-10152,"Simmons, Meadows and Griffin",Discretionary Trust,True,New Zealand,Not a PEP,False,Estate Administration,Item 3 - Managing client money in a transaction,Face-to-face,Investment Manager,529000.0,2025-10-07,0,0,0,0
CUST-10153,Scott Cole,Individual,False,Germany,Not a PEP,False,Business Sale & Purchase,Item 3 - Managing client money in a transaction,Face-to-face,Public Servant,70000.0,2025-12-20,0,0,0,0
CUST-10154,Sara Ramirez,Individual,False,Australia,Not a PEP,False,Nominee Director Arrangement,Item 7 - Acting as director for a client entity,Face-to-face,Teacher,67000.0,2025-11-26,0,0,2,0
CUST-10155,"Washington, Allen and Gonzales",Pty Ltd Company - multi-layer ownership,True,Singapore,Not a PEP,False,Nominee Shareholder Arrangement,Item 8 - Acting as nominee shareholder,Face-to-face,Small Business Owner,143000.0,2025-05-19,1,0,2,0
CUST-10156,"Mitchell, Nelson and Flores",Unit Trust,True,New Zealand,Not a PEP,False,Debt Financing Transaction,Item 4 - Assisting with debt financing,Remote (video/email only),Retail Manager,83000.0,2025-03-20,1,0,1,1
CUST-10157,"Miller, Hernandez and Reyes",Family Trust,True,Australia,Domestic PEP (low profile),False,Nominee Director Arrangement,Item 7 - Acting as director for a client entity,Face-to-face,Tradesperson,52000.0,2025-10-01,1,0,2,0
CUST-10158,Daniel Perry,Individual,False,Canada,Not a PEP,False,Nominee Shareholder Arrangement,Item 8 - Acting as nominee shareholder,Face-to-face,Real Estate Agent,154000.0,2026-08-06,0,0,2,0
CUST-10159,Daniels-Perry,Pty Ltd Company - multi-layer ownership,True,New Zealand,Not a PEP,False,Residential Conveyancing,Item 3 - Managing client money in a transaction,Face-to-face,Administrator,84000.0,2025-01-08,1,0,0,0
CUST-10160,Wall Group,Foreign-incorporated entity,True,Australia,Not a PEP,False,Estate Administration,Item 3 - Managing client money in a transaction,Face-to-face,Small Business Owner,167000.0,2026-05-03,1,0,0,0
CUST-10161,Lauren Dominguez,Individual,False,Iran,Not a PEP,False,Trust Establishment,Item 7 - Acting as trustee for a client entity,Face-to-face,Accountant,204000.0,2026-06-21,0,2,1,0
CUST-10162,Pamela James,Individual,False,Singapore,Not a PEP,False,Estate Administration,Item 3 - Managing client money in a transaction,Face-to-face,Tradesperson,62000.0,2025-08-26,0,0,0,0
CUST-10163,Bender LLC,Pty Ltd Company - simple,True,United States,Not a PEP,False,Business Sale & Purchase,Item 3 - Managing client money in a transaction,Face-to-face,Import/Export Trader,513000.0,2026-01-23,0,0,0,0
CUST-10164,Castaneda-Ashley,Discretionary Trust,True,Singapore,Not a PEP,False,Business Sale & Purchase,Item 3 - Managing client money in a transaction,Face-to-face,Engineer,142000.0,2025-09-04,0,0,0,0
CUST-10165,Paul Payne,Individual,False,Canada,Not a PEP,False,Nominee Director Arrangement,Item 7 - Acting as director for a client entity,Remote (video/email only),IT Consultant,120000.0,2025-02-18,0,0,2,1
CUST-10166,"Hurst, Freeman and Nelson",Pty Ltd Company - simple,True,Canada,Not a PEP,False,Trust Establishment,Item 7 - Acting as trustee for a client entity,Face-to-face,Engineer,123000.0,2025-12-28,0,0,1,0
CUST-10167,Mr. Michael Yates,Individual,False,Panama,Not a PEP,False,Company Formation,Item 7 - Acting as director/secretary for a client entity,Face-to-face,IT Consultant,146000.0,2025-04-23,0,1,1,0
CUST-10168,"Martin, Mcdonald and Anderson",Discretionary Trust,True,Canada,Not a PEP,False,Commercial Conveyancing,Item 3 - Managing client money in a transaction,Remote (video/email only),Administrator,81000.0,2026-02-25,0,0,0,1
CUST-10169,"Ferguson, Meadows and Vargas",Family Trust,True,United Kingdom,Not a PEP,False,Estate Administration,Item 3 - Managing client money in a transaction,Remote (video/email only),Administrator,93000.0,2026-07-16,0,0,0,1
CUST-10170,Angela Patterson,Individual,False,New Zealand,Not a PEP,False,Nominee Director Arrangement,Item 7 - Acting as director for a client entity,Via intermediary/referrer,Accountant,206000.0,2026-04-08,0,0,2,1
CUST-10171,White-Green,Unit Trust,True,United States,Not a PEP,False,Nominee Director Arrangement,Item 7 - Acting as director for a client entity,Remote (video/email only),Small Business Owner,187000.0,2025-01-19,0,0,2,1
CUST-10172,Jesse Rogers,Individual,False,Japan,Not a PEP,False,Commercial Conveyancing,Item 3 - Managing client money in a transaction,Face-to-face,Nurse,69000.0,2025-12-12,0,0,0,0
CUST-10173,Diana Bean,Individual,False,United States,Not a PEP,False,Debt Financing Transaction,Item 4 - Assisting with debt financing,Face-to-face,Small Business Owner,128000.0,2025-08-20,0,0,1,0
CUST-10174,Ruben Ruiz,Individual,False,United Arab Emirates,Not a PEP,False,Nominee Shareholder Arrangement,Item 8 - Acting as nominee shareholder,Via intermediary/referrer,Import/Export Trader,482000.0,2024-11-07,0,1,2,1
CUST-10175,"Ryan, Cooke and Bell",Pty Ltd Company - simple,True,United States,Not a PEP,False,Company Formation,Item 7 - Acting as director/secretary for a client entity,Face-to-face,Import/Export Trader,378000.0,2025-02-07,0,0,1,0
CUST-10176,"Jones, Bernard and Williams",Discretionary Trust,True,United States,Not a PEP,False,Commercial Conveyancing,Item 3 - Managing client money in a transaction,Face-to-face,Real Estate Agent,105000.0,2026-06-21,0,0,0,0
CUST-10177,Herring and Sons,Unit Trust,True,United States,Not a PEP,False,Debt Financing Transaction,Item 4 - Assisting with debt financing,Remote (video/email only),Administrator,55000.0,2026-05-22,0,0,1,1
CUST-10178,Howell and Sons,Unit Trust,True,Australia,Not a PEP,False,Nominee Director Arrangement,Item 7 - Acting as director for a client entity,Face-to-face,Real Estate Agent,185000.0,2026-08-20,0,0,2,0
CUST-10179,Michael Elliott,Individual,False,Australia,Not a PEP,False,Nominee Shareholder Arrangement,Item 8 - Acting as nominee shareholder,Via intermediary/referrer,Company Director,595000.0,2025-04-27,0,0,2,1
CUST-10180,Michael Wang,Individual,False,United Kingdom,Not a PEP,False,Estate Administration,Item 3 - Managing client money in a transaction,Face-to-face,Property Developer,550000.0,2025-08-02,0,0,0,0
CUST-10181,Obrien Ltd,Family Trust,True,Vanuatu,Not a PEP,False,Commercial Conveyancing,Item 3 - Managing client money in a transaction,Face-to-face,Engineer,111000.0,2026-08-20,0,1,0,0
CUST-10182,Paula Martin,Individual,False,Germany,Not a PEP,False,Nominee Shareholder Arrangement,Item 8 - Acting as nominee shareholder,Face-to-face,Public Servant,62000.0,2025-11-14,0,0,2,0
CUST-10183,Kenneth Hickman,Individual,False,New Zealand,Domestic PEP (low profile),False,Residential Conveyancing,Item 3 - Managing client money in a transaction,Face-to-face,Tradesperson,47000.0,2024-12-19,1,0,0,0
CUST-10184,Susan Brooks,Individual,False,Australia,Not a PEP,False,Trust Establishment,Item 7 - Acting as trustee for a client entity,Remote (video/email only),IT Consultant,158000.0,2025-10-31,0,0,1,1
CUST-10185,Christina Vargas,Individual,False,Singapore,Not a PEP,False,Debt Financing Transaction,Item 4 - Assisting with debt financing,Face-to-face,Investment Manager,377000.0,2025-11-15,0,0,1,0
CUST-10186,Dana Terry,Individual,False,United Kingdom,Not a PEP,False,Nominee Director Arrangement,Item 7 - Acting as director for a client entity,Face-to-face,Administrator,79000.0,2025-03-04,0,0,2,0
CUST-10187,Jefferson-Burke,Pty Ltd Company - multi-layer ownership,True,Japan,Not a PEP,False,Nominee Shareholder Arrangement,Item 8 - Acting as nominee shareholder,Face-to-face,Real Estate Agent,202000.0,2026-03-29,1,0,2,0
CUST-10188,Hogan PLC,Discretionary Trust,True,Japan,Not a PEP,False,Company Formation,Item 7 - Acting as director/secretary for a client entity,Face-to-face,Retail Manager,77000.0,2025-08-09,0,0,1,0
CUST-10189,Hannah Patterson,Individual,False,United States,Not a PEP,False,Residential Conveyancing,Item 3 - Managing client money in a transaction,Remote (video/email only),Tradesperson,81000.0,2025-01-28,0,0,0,1
CUST-10190,Jonathan Peterson,Individual,False,Singapore,Not a PEP,False,Trust Establishment,Item 7 - Acting as trustee for a client entity,Via intermediary/referrer,Company Director,504000.0,2025-04-20,0,0,1,1
CUST-10191,Samantha Garcia,Individual,False,United States,Not a PEP,False,Debt Financing Transaction,Item 4 - Assisting with debt financing,Remote (video/email only),Tradesperson,77000.0,2025-10-12,0,0,1,1
CUST-10192,Reid-Poole,Pty Ltd Company - simple,True,Germany,Not a PEP,False,Nominee Director Arrangement,Item 7 - Acting as director for a client entity,Remote (video/email only),Nurse,64000.0,2025-06-26,0,0,2,1
CUST-10193,Jessica Gross,Individual,False,United States,Not a PEP,True,Nominee Shareholder Arrangement,Item 8 - Acting as nominee shareholder,Via intermediary/referrer,Accountant,132000.0,2026-02-04,2,0,2,1
CUST-10194,"Nelson, Morton and Medina",Pty Ltd Company - multi-layer ownership,True,United States,Not a PEP,False,Debt Financing Transaction,Item 4 - Assisting with debt financing,Face-to-face,Accountant,153000.0,2025-08-28,1,0,1,0
CUST-10195,Mr. Nicholas Adams,Individual,False,Vanuatu,Not a PEP,False,Nominee Shareholder Arrangement,Item 8 - Acting as nominee shareholder,Via intermediary/referrer,Company Director,539000.0,2026-06-08,0,1,2,1
CUST-10196,Sandra Miller,Individual,False,Japan,Not a PEP,False,Commercial Conveyancing,Item 3 - Managing client money in a transaction,Remote (video/email only),Tradesperson,68000.0,2026-06-23,0,0,0,1
CUST-10197,Sanchez-Marshall,Foreign-incorporated entity,True,Germany,Not a PEP,True,Nominee Shareholder Arrangement,Item 8 - Acting as nominee shareholder,Face-to-face,Tradesperson,81000.0,2025-02-21,2,0,2,0
CUST-10198,"Barnett, Rogers and Snyder",Pty Ltd Company - simple,True,Democratic Republic of Congo,Not a PEP,False,Commercial Conveyancing,Item 3 - Managing client money in a transaction,Via intermediary/referrer,IT Consultant,119000.0,2025-03-02,0,2,0,1
CUST-10199,White-Lewis,Pty Ltd Company - simple,True,Canada,Not a PEP,False,Estate Administration,Item 3 - Managing client money in a transaction,Face-to-face,Administrator,56000.0,2024-09-22,0,0,0,0
CUST-10200,Gina Beard,Individual,False,Australia,Not a PEP,False,Nominee Shareholder Arrangement,Item 8 - Acting as nominee shareholder,Face-to-face,IT Consultant,105000.0,2025-06-05,0,0,2,0
CUST-10201,"Beard, Peters and Black",Pty Ltd Company - multi-layer ownership,True,New Zealand,Not a PEP,False,Trust Establishment,Item 7 - Acting as trustee for a client entity,Face-to-face,Property Developer,323000.0,2026-06-08,1,0,1,0
CUST-10202,Miller Ltd,Pty Ltd Company - simple,True,Australia,Not a PEP,False,Residential Conveyancing,Item 3 - Managing client money in a transaction,Via intermediary/referrer,Accountant,211000.0,2025-10-21,0,0,0,1
CUST-10203,Justin Allen,Individual,False,Japan,Not a PEP,False,Estate Administration,Item 3 - Managing client money in a transaction,Remote (video/email only),Administrator,81000.0,2025-03-29,0,0,0,1
CUST-10204,Brewer-Henry,Pty Ltd Company - multi-layer ownership,True,Cambodia,Not a PEP,False,Estate Administration,Item 3 - Managing client money in a transaction,Via intermediary/referrer,Administrator,59000.0,2025-05-19,1,1,0,1
CUST-10205,Davis and Sons,Discretionary Trust,True,Japan,Not a PEP,False,Estate Administration,Item 3 - Managing client money in a transaction,Face-to-face,IT Consultant,184000.0,2026-03-19,1,0,0,0
CUST-10206,Holt-Torres,Family Trust,True,United Kingdom,Not a PEP,False,Commercial Conveyancing,Item 3 - Managing client money in a transaction,Face-to-face,Property Developer,357000.0,2026-04-10,1,0,0,0
CUST-10207,Kara Schmidt,Individual,False,Germany,Not a PEP,False,Commercial Conveyancing,Item 3 - Managing client money in a transaction,Face-to-face,Teacher,75000.0,2025-09-25,0,0,0,0
CUST-10208,Barajas-Pierce,Family Trust,True,Democratic Republic of Congo,Not a PEP,False,Nominee Shareholder Arrangement,Item 8 - Acting as nominee shareholder,Via intermediary/referrer,Investment Manager,480000.0,2025-11-21,1,2,2,1
CUST-10209,Warner-Nelson,Pty Ltd Company - simple,True,United Kingdom,Not a PEP,False,Estate Administration,Item 3 - Managing client money in a transaction,Face-to-face,Real Estate Agent,126000.0,2025-12-14,0,0,0,0
CUST-10210,Hall-Griffith,Discretionary Trust,True,United States,Not a PEP,False,Residential Conveyancing,Item 3 - Managing client money in a transaction,Via intermediary/referrer,Tradesperson,64000.0,2025-05-30,0,0,0,1
CUST-10211,Wilson-Herrera,Pty Ltd Company - multi-layer ownership,True,United Kingdom,Not a PEP,False,Trust Establishment,Item 7 - Acting as trustee for a client entity,Face-to-face,Public Servant,93000.0,2025-10-29,1,0,1,0
CUST-10212,"Lopez, Robinson and Washington",Discretionary Trust,True,United States,Not a PEP,False,Estate Administration,Item 3 - Managing client money in a transaction,Face-to-face,Investment Manager,445000.0,2024-09-24,0,0,0,0
CUST-10213,"Lawrence, Wolf and Carlson",Unit Trust,True,Democratic Republic of Congo,Not a PEP,False,Business Sale & Purchase,Item 3 - Managing client money in a transaction,Remote (video/email only),Public Servant,79000.0,2025-10-17,1,2,0,1
CUST-10214,Dr. Elizabeth Ward,Individual,False,United Kingdom,Not a PEP,False,Commercial Conveyancing,Item 3 - Managing client money in a transaction,Face-to-face,Engineer,145000.0,2024-09-14,0,0,0,0
CUST-10215,Smith-Ferguson,Family Trust,True,Singapore,Not a PEP,False,Commercial Conveyancing,Item 3 - Managing client money in a transaction,Face-to-face,Administrator,63000.0,2026-07-09,0,0,0,0
CUST-10216,Williams-Brown,Foreign-incorporated entity,True,Japan,Not a PEP,False,Estate Administration,Item 3 - Managing client money in a transaction,Face-to-face,Nurse,71000.0,2025-01-06,1,0,0,0
CUST-10217,Terry-Martinez,Foreign-incorporated entity,True,Singapore,Not a PEP,False,Nominee Shareholder Arrangement,Item 8 - Acting as nominee shareholder,Face-to-face,Property Developer,260000.0,2025-06-24,1,0,2,0
CUST-10218,Katherine Salas,Individual,False,Cyprus,Not a PEP,False,Trust Establishment,Item 7 - Acting as trustee for a client entity,Face-to-face,Teacher,67000.0,2025-05-17,0,1,1,0
CUST-10219,"Mitchell, Mendoza and Peterson",Pty Ltd Company - multi-layer ownership,True,United Arab Emirates,Not a PEP,False,Debt Financing Transaction,Item 4 - Assisting with debt financing,Remote (video/email only),IT Consultant,211000.0,2025-12-17,1,1,1,1
CUST-10220,King Group,Unit Trust,True,United Kingdom,Not a PEP,False,Nominee Director Arrangement,Item 7 - Acting as director for a client entity,Face-to-face,Nurse,54000.0,2025-07-14,0,0,2,0
CUST-10221,Austin Vasquez,Individual,False,United States,Not a PEP,False,Residential Conveyancing,Item 3 - Managing client money in a transaction,Remote (video/email only),Administrator,85000.0,2026-06-20,0,0,0,1
CUST-10222,"Soto, Brown and Hernandez",Foreign-incorporated entity,True,Vanuatu,Not a PEP,False,Nominee Director Arrangement,Item 7 - Acting as director for a client entity,Face-to-face,Accountant,161000.0,2024-11-07,1,1,2,0
CUST-10223,"Avery, Miller and Wright",Pty Ltd Company - multi-layer ownership,True,Japan,Not a PEP,False,Nominee Director Arrangement,Item 7 - Acting as director for a client entity,Face-to-face,Real Estate Agent,210000.0,2024-12-27,1,0,2,0
CUST-10224,Jennifer Carlson,Individual,False,Singapore,Not a PEP,False,Company Formation,Item 7 - Acting as director/secretary for a client entity,Face-to-face,Public Servant,66000.0,2026-04-04,0,0,1,0
CUST-10225,"Perez, Mills and Hayes",Foreign-incorporated entity,True,United Kingdom,Not a PEP,False,Company Formation,Item 7 - Acting as director/secretary for a client entity,Face-to-face,IT Consultant,118000.0,2025-05-19,1,0,1,0
CUST-10226,Evans-Chapman,Foreign-incorporated entity,True,Panama,Not a PEP,False,Trust Establishment,Item 7 - Acting as trustee for a client entity,Remote (video/email only),Property Developer,375000.0,2025-04-07,1,1,1,1
CUST-10227,Torres-Oliver,Family Trust,True,Germany,Not a PEP,False,Residential Conveyancing,Item 3 - Managing client money in a transaction,Remote (video/email only),Teacher,59000.0,2026-03-04,0,0,0,1
CUST-10228,"Choi, Garcia and Farmer",Discretionary Trust,True,Germany,Not a PEP,False,Commercial Conveyancing,Item 3 - Managing client money in a transaction,Face-to-face,Real Estate Agent,163000.0,2025-05-29,0,0,0,0
CUST-10229,"Clark, Guerrero and Moore",Unit Trust,True,Japan,Not a PEP,False,Trust Establishment,Item 7 - Acting as trustee for a client entity,Face-to-face,Property Developer,320000.0,2026-05-26,0,0,1,0
CUST-10230,Arnold and Sons,Discretionary Trust,True,New Zealand,Not a PEP,False,Debt Financing Transaction,Item 4 - Assisting with debt financing,Remote (video/email only),Accountant,116000.0,2026-01-24,1,0,1,1
CUST-10231,Jerry Wheeler,Individual,False,Singapore,Not a PEP,False,Company Formation,Item 7 - Acting as director/secretary for a client entity,Face-to-face,Real Estate Agent,167000.0,2025-03-15,0,0,1,0
CUST-10232,David Mann,Individual,False,Cambodia,Not a PEP,False,Company Formation,Item 7 - Acting as director/secretary for a client entity,Remote (video/email only),Nurse,81000.0,2025-12-13,0,1,1,1
CUST-10233,"Heath, Jones and Hall",Family Trust,True,Canada,Not a PEP,False,Commercial Conveyancing,Item 3 - Managing client money in a transaction,Remote (video/email only),Company Director,373000.0,2025-08-11,0,0,0,1
CUST-10234,French-Weber,Discretionary Trust,True,Singapore,Not a PEP,False,Commercial Conveyancing,Item 3 - Managing client money in a transaction,Remote (video/email only),Real Estate Agent,201000.0,2025-07-12,0,0,0,1
CUST-10235,Taylor Coleman,Individual,False,United States,Not a PEP,False,Business Sale & Purchase,Item 3 - Managing client money in a transaction,Face-to-face,Engineer,202000.0,2025-09-06,0,0,0,0
CUST-10236,Maria Kerr,Individual,False,Cambodia,Domestic PEP (low profile),False,Company Formation,Item 7 - Acting as director/secretary for a client entity,Face-to-face,Public Servant,55000.0,2024-09-17,1,1,1,0
CUST-10237,Andrea Martin,Individual,False,Canada,Not a PEP,False,Business Sale & Purchase,Item 3 - Managing client money in a transaction,Face-to-face,Teacher,64000.0,2024-10-28,0,0,0,0
CUST-10238,Paul Carroll,Individual,False,Panama,Not a PEP,False,Estate Administration,Item 3 - Managing client money in a transaction,Remote (video/email only),Small Business Owner,122000.0,2026-06-05,0,1,0,1
CUST-10239,Caleb Barker,Individual,False,Germany,Foreign PEP (high profile),False,Commercial Conveyancing,Item 3 - Managing client money in a transaction,Via intermediary/referrer,Nurse,69000.0,2026-01-01,2,0,0,1
CUST-10240,"Powell, Nelson and Fernandez",Family Trust,True,United Arab Emirates,Not a PEP,False,Business Sale & Purchase,Item 3 - Managing client money in a transaction,Face-to-face,IT Consultant,175000.0,2026-06-14,0,1,0,0
CUST-10241,Miller-Williams,Unit Trust,True,United Kingdom,Not a PEP,False,Company Formation,Item 7 - Acting as director/secretary for a client entity,Via intermediary/referrer,Accountant,202000.0,2026-05-13,1,0,1,1
CUST-10242,Frank Wright,Individual,False,Japan,Not a PEP,False,Company Formation,Item 7 - Acting as director/secretary for a client entity,Face-to-face,IT Consultant,164000.0,2024-12-17,0,0,1,0
CUST-10243,Perez Ltd,Foreign-incorporated entity,True,Australia,Not a PEP,False,Business Sale & Purchase,Item 3 - Managing client money in a transaction,Face-to-face,IT Consultant,188000.0,2025-10-25,1,0,0,0
CUST-10244,Laura Sampson,Individual,False,United States,Not a PEP,False,Nominee Director Arrangement,Item 7 - Acting as director for a client entity,Remote (video/email only),Teacher,94000.0,2025-10-03,0,0,2,1
CUST-10245,Miss Debra Williams PhD,Individual,False,Japan,Not a PEP,False,Nominee Director Arrangement,Item 7 - Acting as director for a client entity,Via intermediary/referrer,Small Business Owner,168000.0,2026-08-09,0,0,2,1
CUST-10246,Stone-Ramos,Pty Ltd Company - simple,True,Australia,Not a PEP,False,Business Sale & Purchase,Item 3 - Managing client money in a transaction,Remote (video/email only),Accountant,148000.0,2025-07-08,0,0,0,1
CUST-10247,Zachary Graham,Individual,False,United Kingdom,Not a PEP,False,Nominee Shareholder Arrangement,Item 8 - Acting as nominee shareholder,Via intermediary/referrer,Investment Manager,424000.0,2025-07-19,0,0,2,1
CUST-10248,Costa-Harrison,Foreign-incorporated entity,True,New Zealand,Not a PEP,False,Trust Establishment,Item 7 - Acting as trustee for a client entity,Face-to-face,Public Servant,51000.0,2024-12-05,1,0,1,0
CUST-10249,Cook-Santiago,Foreign-incorporated entity,True,Cyprus,Not a PEP,False,Residential Conveyancing,Item 3 - Managing client money in a transaction,Face-to-face,Import/Export Trader,283000.0,2026-04-16,1,1,0,0
CUST-10250,Rivera Ltd,Pty Ltd Company - simple,True,New Zealand,Not a PEP,True,Estate Administration,Item 3 - Managing client money in a transaction,Face-to-face,Administrator,94000.0,2024-11-19,2,0,0,0
CUST-10251,Matthew Morales DDS,Individual,False,Singapore,Not a PEP,False,Company Formation,Item 7 - Acting as director/secretary for a client entity,Face-to-face,Teacher,90000.0,2024-10-02,0,0,1,0
CUST-10252,Brandon King,Individual,False,Australia,Not a PEP,False,Trust Establishment,Item 7 - Acting as trustee for a client entity,Face-to-face,Nurse,54000.0,2026-07-18,0,0,1,0
CUST-10253,Cordova Group,Unit Trust,True,Japan,Not a PEP,False,Debt Financing Transaction,Item 4 - Assisting with debt financing,Face-to-face,Retail Manager,51000.0,2026-07-01,0,0,1,0
CUST-10254,Samantha Smith,Individual,False,Australia,Not a PEP,False,Nominee Director Arrangement,Item 7 - Acting as director for a client entity,Remote (video/email only),Real Estate Agent,136000.0,2025-02-03,0,0,2,1
CUST-10255,"Murray, Brown and Stone",Discretionary Trust,True,Democratic People's Republic of Korea,Not a PEP,False,Trust Establishment,Item 7 - Acting as trustee for a client entity,Face-to-face,Accountant,220000.0,2025-02-10,0,2,1,0
CUST-10256,Kathleen Ramos,Individual,False,Japan,Domestic PEP (low profile),False,Residential Conveyancing,Item 3 - Managing client money in a transaction,Via intermediary/referrer,Administrator,64000.0,2025-10-13,1,0,0,1
CUST-10257,Derek Anderson,Individual,False,United States,Not a PEP,False,Company Formation,Item 7 - Acting as director/secretary for a client entity,Remote (video/email only),Nurse,90000.0,2025-03-09,0,0,1,1
CUST-10258,Kim-Wolfe,Family Trust,True,Singapore,Not a PEP,False,Commercial Conveyancing,Item 3 - Managing client money in a transaction,Face-to-face,Accountant,104000.0,2026-04-12,0,0,0,0
CUST-10259,William Lynch,Individual,False,Singapore,Not a PEP,False,Debt Financing Transaction,Item 4 - Assisting with debt financing,Face-to-face,Teacher,92000.0,2026-04-06,0,0,1,0
CUST-10260,Mckinney LLC,Foreign-incorporated entity,True,United Arab Emirates,Not a PEP,False,Estate Administration,Item 3 - Managing client money in a transaction,Face-to-face,Nurse,68000.0,2025-05-06,1,1,0,0
CUST-10261,"Smith, Russell and Walker",Pty Ltd Company - simple,True,New Zealand,Not a PEP,False,Residential Conveyancing,Item 3 - Managing client money in a transaction,Face-to-face,Investment Manager,255000.0,2025-12-12,0,0,0,0
CUST-10262,Murray Inc,Pty Ltd Company - multi-layer ownership,True,Australia,Not a PEP,False,Company Formation,Item 7 - Acting as director/secretary for a client entity,Face-to-face,Public Servant,73000.0,2025-02-06,1,0,1,0
CUST-10263,Brittany Cantu,Individual,False,United Arab Emirates,Not a PEP,False,Residential Conveyancing,Item 3 - Managing client money in a transaction,Face-to-face,IT Consultant,111000.0,2025-07-09,0,1,0,0
CUST-10264,Hicks-Hill,Pty Ltd Company - multi-layer ownership,True,New Zealand,Not a PEP,False,Commercial Conveyancing,Item 3 - Managing client money in a transaction,Face-to-face,Administrator,67000.0,2026-04-14,1,0,0,0
CUST-10265,Veronica Sanchez,Individual,False,Singapore,Not a PEP,False,Residential Conveyancing,Item 3 - Managing client money in a transaction,Face-to-face,Accountant,157000.0,2025-07-28,0,0,0,0
CUST-10266,"Thomas, Lee and Greene",Family Trust,True,United States,Not a PEP,False,Nominee Director Arrangement,Item 7 - Acting as director for a client entity,Remote (video/email only),Tradesperson,76000.0,2025-03-31,0,0,2,1
CUST-10267,"Suarez, Shields and Hill",Family Trust,True,Germany,Not a PEP,False,Company Formation,Item 7 - Acting as director/secretary for a client entity,Face-to-face,Engineer,126000.0,2025-02-13,0,0,1,0
CUST-10268,Jennifer Villa,Individual,False,Singapore,Not a PEP,False,Debt Financing Transaction,Item 4 - Assisting with debt financing,Via intermediary/referrer,Accountant,129000.0,2026-07-28,0,0,1,1
CUST-10269,"Adams, Smith and Barber",Pty Ltd Company - multi-layer ownership,True,Australia,Not a PEP,False,Residential Conveyancing,Item 3 - Managing client money in a transaction,Remote (video/email only),Real Estate Agent,191000.0,2025-12-28,1,0,0,1
CUST-10270,Lauren Keller,Individual,False,Cyprus,Not a PEP,False,Residential Conveyancing,Item 3 - Managing client money in a transaction,Remote (video/email only),Property Developer,355000.0,2026-02-27,0,1,0,1
CUST-10271,Jill Washington,Individual,False,Singapore,Not a PEP,False,Residential Conveyancing,Item 3 - Managing client money in a transaction,Remote (video/email only),Tradesperson,73000.0,2025-01-24,0,0,0,1
CUST-10272,Phillip Bennett,Individual,False,Germany,Not a PEP,False,Residential Conveyancing,Item 3 - Managing client money in a transaction,Face-to-face,Nurse,46000.0,2025-04-21,0,0,0,0
CUST-10273,Sheila Pollard,Individual,False,United States,Not a PEP,False,Company Formation,Item 7 - Acting as director/secretary for a client entity,Via intermediary/referrer,Real Estate Agent,102000.0,2026-03-25,0,0,1,1
CUST-10274,Armstrong and Sons,Foreign-incorporated entity,True,United Kingdom,Not a PEP,False,Debt Financing Transaction,Item 4 - Assisting with debt financing,Via intermediary/referrer,Administrator,65000.0,2026-05-12,1,0,1,1
CUST-10275,Williams-Garner,Pty Ltd Company - multi-layer ownership,True,United Kingdom,Not a PEP,False,Estate Administration,Item 3 - Managing client money in a transaction,Remote (video/email only),Import/Export Trader,286000.0,2025-01-25,1,0,0,1
CUST-10276,"Mcintyre, James and Mcneil",Foreign-incorporated entity,True,United States,Not a PEP,False,Estate Administration,Item 3 - Managing client money in a transaction,Face-to-face,IT Consultant,117000.0,2026-08-22,1,0,0,0
CUST-10277,"Pollard, Simpson and Johnson",Foreign-incorporated entity,True,Australia,Not a PEP,False,Trust Establishment,Item 7 - Acting as trustee for a client entity,Remote (video/email only),Public Servant,52000.0,2026-06-05,1,0,1,1
CUST-10278,Leslie Kane,Individual,False,Singapore,Not a PEP,False,Commercial Conveyancing,Item 3 - Managing client money in a transaction,Remote (video/email only),Real Estate Agent,151000.0,2025-11-25,0,0,0,1
CUST-10279,Jessica Fox,Individual,False,New Zealand,Not a PEP,False,Residential Conveyancing,Item 3 - Managing client money in a transaction,Face-to-face,Public Servant,93000.0,2025-04-06,0,0,0,0
CUST-10280,Smith-Thomas,Family Trust,True,Japan,Not a PEP,False,Trust Establishment,Item 7 - Acting as trustee for a client entity,Face-to-face,Teacher,60000.0,2026-05-08,0,0,1,0
CUST-10281,Tracy Jones,Individual,False,Japan,Not a PEP,False,Commercial Conveyancing,Item 3 - Managing client money in a transaction,Face-to-face,Property Developer,488000.0,2025-06-08,0,0,0,0
CUST-10282,Deborah Hanson,Individual,False,Japan,Not a PEP,False,Trust Establishment,Item 7 - Acting as trustee for a client entity,Via intermediary/referrer,Tradesperson,81000.0,2025-02-16,0,0,1,1
CUST-10283,Santos-Christian,Pty Ltd Company - simple,True,Canada,Not a PEP,False,Nominee Shareholder Arrangement,Item 8 - Acting as nominee shareholder,Remote (video/email only),Retail Manager,45000.0,2026-05-26,0,0,2,1
CUST-10284,"Villarreal, James and Stewart",Pty Ltd Company - simple,True,Germany,Not a PEP,True,Company Formation,Item 7 - Acting as director/secretary for a client entity,Remote (video/email only),Property Developer,541000.0,2025-10-12,2,0,1,1
CUST-10285,"Clay, Freeman and Weaver",Family Trust,True,Canada,Not a PEP,False,Company Formation,Item 7 - Acting as director/secretary for a client entity,Face-to-face,Nurse,67000.0,2025-05-04,1,0,1,0
CUST-10286,"Jones, Welch and Mccall",Pty Ltd Company - simple,True,Canada,Not a PEP,False,Commercial Conveyancing,Item 3 - Managing client money in a transaction,Face-to-face,Tradesperson,66000.0,2024-12-28,0,0,0,0
CUST-10287,Nicole Hamilton MD,Individual,False,Yemen,Not a PEP,False,Nominee Shareholder Arrangement,Item 8 - Acting as nominee shareholder,Remote (video/email only),Investment Manager,401000.0,2025-03-12,0,2,2,1
CUST-10288,"Padilla, Garcia and Jackson",Foreign-incorporated entity,True,United Kingdom,Not a PEP,False,Company Formation,Item 7 - Acting as director/secretary for a client entity,Via intermediary/referrer,Nurse,85000.0,2026-04-16,1,0,1,1
CUST-10289,Allen Nguyen,Individual,False,Japan,Not a PEP,False,Company Formation,Item 7 - Acting as director/secretary for a client entity,Remote (video/email only),Administrator,91000.0,2026-06-16,0,0,1,1
CUST-10290,Ian Jordan,Individual,False,Japan,Not a PEP,False,Nominee Shareholder Arrangement,Item 8 - Acting as nominee shareholder,Face-to-face,Property Developer,263000.0,2026-03-23,0,0,2,0
CUST-10291,Jason Maldonado,Individual,False,New Zealand,Not a PEP,False,Commercial Conveyancing,Item 3 - Managing client money in a transaction,Remote (video/email only),Import/Export Trader,554000.0,2025-11-26,0,0,0,1
CUST-10292,Jackson Inc,Family Trust,True,Germany,Domestic PEP (low profile),False,Company Formation,Item 7 - Acting as director/secretary for a client entity,Face-to-face,Accountant,100000.0,2025-09-18,1,0,1,0
CUST-10293,Janet Vega,Individual,False,Cambodia,Not a PEP,False,Residential Conveyancing,Item 3 - Managing client money in a transaction,Face-to-face,Real Estate Agent,130000.0,2025-04-07,0,1,0,0
CUST-10294,Mr. David Little MD,Individual,False,United States,Not a PEP,False,Nominee Director Arrangement,Item 7 - Acting as director for a client entity,Remote (video/email only),Administrator,66000.0,2024-10-31,0,0,2,1
CUST-10295,Stephanie Marshall,Individual,False,United States,Not a PEP,False,Nominee Director Arrangement,Item 7 - Acting as director for a client entity,Remote (video/email only),Company Director,416000.0,2026-03-14,0,0,2,1
CUST-10296,Joshua Jones,Individual,False,Japan,Not a PEP,False,Residential Conveyancing,Item 3 - Managing client money in a transaction,Face-to-face,Investment Manager,538000.0,2025-12-11,0,0,0,0
CUST-10297,Victoria Evans,Individual,False,Singapore,Not a PEP,False,Nominee Director Arrangement,Item 7 - Acting as director for a client entity,Face-to-face,Small Business Owner,180000.0,2025-12-19,0,0,2,0
CUST-10298,Vaughn-Bryant,Pty Ltd Company - multi-layer ownership,True,Germany,Not a PEP,False,Nominee Shareholder Arrangement,Item 8 - Acting as nominee shareholder,Face-to-face,Retail Manager,82000.0,2024-09-17,1,0,2,0
CUST-10299,Zachary Castaneda,Individual,False,Japan,Not a PEP,False,Trust Establishment,Item 7 - Acting as trustee for a client entity,Remote (video/email only),IT Consultant,129000.0,2025-06-30,0,0,1,1
CUST-10300,Young PLC,Unit Trust,True,Myanmar,Not a PEP,False,Company Formation,Item 7 - Acting as director/secretary for a client entity,Face-to-face,Retail Manager,75000.0,2024-11-03,0,2,1,0
CUST-10301,Andrews-Haney,Pty Ltd Company - simple,True,Japan,Not a PEP,False,Trust Establishment,Item 7 - Acting as trustee for a client entity,Face-to-face,Engineer,145000.0,2026-05-11,0,0,1,0
CUST-10302,William Barrett,Foreign-incorporated entity,False,Singapore,Not a PEP,False,Business Sale & Purchase,Item 3 - Managing client money in a transaction,Face-to-face,Teacher,62000.0,2025-11-29,1,0,0,0
CUST-10303,Smith-Grimes,Pty Ltd Company - simple,True,United States,Not a PEP,False,Estate Administration,Item 3 - Managing client money in a transaction,Remote (video/email only),Small Business Owner,177000.0,2025-10-25,0,0,0,1
CUST-10304,"Beltran, Lozano and Mcgee",Pty Ltd Company - simple,True,Japan,Not a PEP,False,Trust Establishment,Item 7 - Acting as trustee for a client entity,Face-to-face,Engineer,175000.0,2025-04-23,0,0,1,0
CUST-10305,Parsons-Hall,Pty Ltd Company - multi-layer ownership,True,United Kingdom,Not a PEP,False,Company Formation,Item 7 - Acting as director/secretary for a client entity,Face-to-face,Real Estate Agent,186000.0,2025-01-28,1,0,1,0
CUST-10306,Colleen Lee,Individual,False,Singapore,Not a PEP,False,Trust Establishment,Item 7 - Acting as trustee for a client entity,Remote (video/email only),Retail Manager,64000.0,2025-01-01,0,0,1,1
CUST-10307,Byrd-Le,Pty Ltd Company - simple,True,New Zealand,Not a PEP,False,Commercial Conveyancing,Item 3 - Managing client money in a transaction,Face-to-face,Teacher,88000.0,2025-07-29,0,0,0,0
CUST-10308,"Becker, Taylor and Davis",Unit Trust,True,Australia,Not a PEP,False,Trust Establishment,Item 7 - Acting as trustee for a client entity,Face-to-face,Property Developer,274000.0,2026-06-02,1,0,1,0
CUST-10309,"Lucas, Parker and Alexander",Discretionary Trust,True,United Kingdom,Not a PEP,False,Nominee Director Arrangement,Item 7 - Acting as director for a client entity,Face-to-face,IT Consultant,167000.0,2026-05-25,1,0,2,0
CUST-10310,Morgan Davis,Individual,False,Japan,Not a PEP,False,Estate Administration,Item 3 - Managing client money in a transaction,Face-to-face,Real Estate Agent,214000.0,2025-09-28,0,0,0,0
CUST-10311,Murphy-Perry,Unit Trust,True,Australia,Not a PEP,False,Debt Financing Transaction,Item 4 - Assisting with debt financing,Face-to-face,Tradesperson,74000.0,2026-07-08,1,0,1,0
CUST-10312,Anderson PLC,Pty Ltd Company - simple,True,Germany,Not a PEP,False,Debt Financing Transaction,Item 4 - Assisting with debt financing,Face-to-face,IT Consultant,138000.0,2025-04-09,0,0,1,0
CUST-10313,Schmidt-Mcintyre,Pty Ltd Company - multi-layer ownership,True,United Kingdom,Not a PEP,False,Estate Administration,Item 3 - Managing client money in a transaction,Face-to-face,Nurse,56000.0,2026-08-01,1,0,0,0
CUST-10314,Scott Group,Foreign-incorporated entity,True,New Zealand,Not a PEP,False,Residential Conveyancing,Item 3 - Managing client money in a transaction,Face-to-face,Engineer,173000.0,2024-12-23,1,0,0,0
CUST-10315,Elizabeth Harrell,Individual,False,Australia,Not a PEP,False,Nominee Director Arrangement,Item 7 - Acting as director for a client entity,Face-to-face,Accountant,183000.0,2026-01-25,0,0,2,0
CUST-10316,Julie Jones,Individual,False,New Zealand,Not a PEP,False,Company Formation,Item 7 - Acting as director/secretary for a client entity,Face-to-face,Company Director,327000.0,2026-05-07,0,0,1,0
CUST-10317,Dalton Ltd,Discretionary Trust,True,United States,Not a PEP,False,Trust Establishment,Item 7 - Acting as trustee for a client entity,Face-to-face,Nurse,47000.0,2026-01-23,0,0,1,0
CUST-10318,"Whitney, Coffey and Ballard",Discretionary Trust,True,Australia,Domestic PEP (low profile),False,Commercial Conveyancing,Item 3 - Managing client money in a transaction,Remote (video/email only),IT Consultant,214000.0,2026-06-08,1,0,0,1
CUST-10319,Richard Smith,Individual,False,United States,Not a PEP,False,Business Sale & Purchase,Item 3 - Managing client money in a transaction,Face-to-face,Nurse,89000.0,2025-10-30,0,0,0,0
CUST-10320,"Martinez, Richardson and Curry",Pty Ltd Company - multi-layer ownership,True,Singapore,Not a PEP,False,Residential Conveyancing,Item 3 - Managing client money in a transaction,Face-to-face,Administrator,54000.0,2025-08-22,1,0,0,0
CUST-10321,Richards-Carson,Discretionary Trust,True,Canada,Not a PEP,False,Debt Financing Transaction,Item 4 - Assisting with debt financing,Face-to-face,Public Servant,59000.0,2025-04-21,0,0,1,0
CUST-10322,Rodriguez-Hall,Family Trust,True,United Kingdom,Not a PEP,False,Residential Conveyancing,Item 3 - Managing client money in a transaction,Via intermediary/referrer,Small Business Owner,147000.0,2025-01-18,0,0,0,1
CUST-10323,Harvey PLC,Discretionary Trust,True,Japan,Not a PEP,False,Company Formation,Item 7 - Acting as director/secretary for a client entity,Face-to-face,Accountant,150000.0,2024-10-22,1,0,1,0
CUST-10324,Herman-Walker,Pty Ltd Company - multi-layer ownership,True,Yemen,Not a PEP,False,Trust Establishment,Item 7 - Acting as trustee for a client entity,Via intermediary/referrer,Real Estate Agent,160000.0,2024-09-18,1,2,1,1
CUST-10325,Reid Group,Foreign-incorporated entity,True,Cyprus,Not a PEP,False,Estate Administration,Item 3 - Managing client money in a transaction,Face-to-face,Engineer,102000.0,2024-11-03,1,1,0,0
CUST-10326,Elizabeth Ortiz,Individual,False,Germany,Not a PEP,False,Commercial Conveyancing,Item 3 - Managing client money in a transaction,Remote (video/email only),Retail Manager,94000.0,2026-07-03,0,0,0,1
CUST-10327,Williams Inc,Pty Ltd Company - multi-layer ownership,True,Japan,Not a PEP,False,Nominee Director Arrangement,Item 7 - Acting as director for a client entity,Face-to-face,Small Business Owner,202000.0,2024-10-23,1,0,2,0
CUST-10328,Johnathan Davis,Individual,False,Cambodia,Domestic PEP (low profile),False,Commercial Conveyancing,Item 3 - Managing client money in a transaction,Remote (video/email only),Import/Export Trader,558000.0,2025-01-25,1,1,0,1
CUST-10329,Brandy Chavez,Individual,False,Germany,Not a PEP,False,Residential Conveyancing,Item 3 - Managing client money in a transaction,Remote (video/email only),Real Estate Agent,165000.0,2024-11-27,0,0,0,1
CUST-10330,"Avery, Horton and Fernandez",Foreign-incorporated entity,True,Singapore,Not a PEP,False,Trust Establishment,Item 7 - Acting as trustee for a client entity,Face-to-face,Administrator,93000.0,2025-10-29,1,0,1,0
CUST-10331,"Newton, Moore and Perry",Unit Trust,True,New Zealand,Not a PEP,False,Company Formation,Item 7 - Acting as director/secretary for a client entity,Remote (video/email only),Accountant,108000.0,2026-02-12,0,0,1,1
CUST-10332,John Russell,Individual,False,Japan,Not a PEP,False,Trust Establishment,Item 7 - Acting as trustee for a client entity,Remote (video/email only),Public Servant,47000.0,2024-10-04,0,0,1,1
CUST-10333,Johnson-Wood,Foreign-incorporated entity,True,Cambodia,Not a PEP,False,Nominee Shareholder Arrangement,Item 8 - Acting as nominee shareholder,Face-to-face,Engineer,187000.0,2025-02-03,1,1,2,0
CUST-10334,Wallace-Young,Family Trust,True,Germany,Not a PEP,False,Company Formation,Item 7 - Acting as director/secretary for a client entity,Remote (video/email only),Nurse,50000.0,2024-12-11,0,0,1,1
CUST-10335,Garcia-Jennings,Pty Ltd Company - multi-layer ownership,True,Japan,Not a PEP,False,Trust Establishment,Item 7 - Acting as trustee for a client entity,Face-to-face,Import/Export Trader,392000.0,2026-04-09,1,0,1,0
CUST-10336,Vanessa Howard,Individual,False,Canada,Not a PEP,False,Debt Financing Transaction,Item 4 - Assisting with debt financing,Remote (video/email only),Investment Manager,296000.0,2024-11-22,0,0,1,1
CUST-10337,Hill-Donaldson,Pty Ltd Company - simple,True,United Kingdom,Not a PEP,False,Company Formation,Item 7 - Acting as director/secretary for a client entity,Face-to-face,Real Estate Agent,184000.0,2025-08-28,0,0,1,0
CUST-10338,Davis-Lewis,Unit Trust,True,Japan,Not a PEP,False,Nominee Shareholder Arrangement,Item 8 - Acting as nominee shareholder,Face-to-face,Small Business Owner,160000.0,2026-03-28,1,0,2,0
CUST-10339,Tricia Williams,Individual,False,United States,Not a PEP,False,Business Sale & Purchase,Item 3 - Managing client money in a transaction,Remote (video/email only),Teacher,80000.0,2025-10-25,0,0,0,1
CUST-10340,William Buchanan,Individual,False,Australia,Not a PEP,False,Nominee Shareholder Arrangement,Item 8 - Acting as nominee shareholder,Remote (video/email only),Engineer,144000.0,2025-03-18,0,0,2,1
CUST-10341,Jones PLC,Pty Ltd Company - simple,True,Australia,Not a PEP,False,Debt Financing Transaction,Item 4 - Assisting with debt financing,Via intermediary/referrer,Administrator,58000.0,2024-11-26,0,0,1,1
CUST-10342,Willis and Sons,Discretionary Trust,True,Singapore,Not a PEP,False,Trust Establishment,Item 7 - Acting as trustee for a client entity,Remote (video/email only),Import/Export Trader,391000.0,2026-06-08,0,0,1,1
CUST-10343,Charles Lester,Individual,False,New Zealand,Not a PEP,False,Nominee Shareholder Arrangement,Item 8 - Acting as nominee shareholder,Face-to-face,Retail Manager,45000.0,2025-05-03,0,0,2,0
CUST-10344,Scott Thomas,Individual,False,Panama,Not a PEP,False,Business Sale & Purchase,Item 3 - Managing client money in a transaction,Face-to-face,Real Estate Agent,104000.0,2025-10-02,0,1,0,0
CUST-10345,Fernandez and Sons,Unit Trust,True,United Kingdom,Not a PEP,False,Company Formation,Item 7 - Acting as director/secretary for a client entity,Face-to-face,Small Business Owner,139000.0,2024-10-13,0,0,1,0
CUST-10346,Guerrero Inc,Pty Ltd Company - multi-layer ownership,True,Canada,Not a PEP,False,Nominee Shareholder Arrangement,Item 8 - Acting as nominee shareholder,Face-to-face,Small Business Owner,109000.0,2024-12-03,1,0,2,0
CUST-10347,Smith and Sons,Foreign-incorporated entity,True,Australia,Not a PEP,False,Commercial Conveyancing,Item 3 - Managing client money in a transaction,Face-to-face,Real Estate Agent,98000.0,2025-03-12,1,0,0,0
CUST-10348,"Morris, Thompson and Williams",Pty Ltd Company - multi-layer ownership,True,Germany,Not a PEP,False,Trust Establishment,Item 7 - Acting as trustee for a client entity,Face-to-face,Teacher,53000.0,2025-02-19,1,0,1,0
CUST-10349,"Fisher, Wilson and Brown",Unit Trust,True,Myanmar,Not a PEP,False,Trust Establishment,Item 7 - Acting as trustee for a client entity,Remote (video/email only),Teacher,55000.0,2025-06-04,0,2,1,1
CUST-10350,Ivan Wheeler,Individual,False,United Kingdom,Domestic PEP (low profile),False,Residential Conveyancing,Item 3 - Managing client money in a transaction,Face-to-face,Retail Manager,73000.0,2025-01-12,1,0,0,0
CUST-10351,Daniel Gilbert,Individual,False,Japan,Not a PEP,False,Estate Administration,Item 3 - Managing client money in a transaction,Face-to-face,Teacher,72000.0,2024-11-05,0,0,0,0
CUST-10352,"Logan, Camacho and Boyd",Foreign-incorporated entity,True,Vanuatu,Not a PEP,False,Debt Financing Transaction,Item 4 - Assisting with debt financing,Via intermediary/referrer,Administrator,60000.0,2026-05-27,1,1,1,1
CUST-10353,Schneider-Johnson,Pty Ltd Company - simple,True,Germany,Not a PEP,False,Residential Conveyancing,Item 3 - Managing client money in a transaction,Face-to-face,IT Consultant,188000.0,2025-02-11,0,0,0,0
CUST-10354,Boone-Simmons,Pty Ltd Company - simple,True,United Kingdom,Not a PEP,False,Debt Financing Transaction,Item 4 - Assisting with debt financing,Via intermediary/referrer,Tradesperson,52000.0,2026-07-12,0,0,1,1
CUST-10355,Micheal Wallace,Individual,False,Japan,Not a PEP,False,Business Sale & Purchase,Item 3 - Managing client money in a transaction,Face-to-face,Real Estate Agent,121000.0,2024-10-31,0,0,0,0
CUST-10356,Morris and Sons,Unit Trust,True,United Kingdom,Not a PEP,False,Trust Establishment,Item 7 - Acting as trustee for a client entity,Face-to-face,Engineer,202000.0,2025-02-07,0,0,1,0
CUST-10357,Martinez PLC,Discretionary Trust,True,New Zealand,Not a PEP,False,Commercial Conveyancing,Item 3 - Managing client money in a transaction,Face-to-face,Real Estate Agent,140000.0,2025-12-26,0,0,0,0
CUST-10358,Kimberly Nguyen,Individual,False,New Zealand,Not a PEP,False,Nominee Director Arrangement,Item 7 - Acting as director for a client entity,Face-to-face,Engineer,114000.0,2025-01-20,0,0,2,0
CUST-10359,"Schmidt, Chavez and Jacobs",Pty Ltd Company - multi-layer ownership,True,Democratic Republic of Congo,Not a PEP,False,Trust Establishment,Item 7 - Acting as trustee for a client entity,Remote (video/email only),Real Estate Agent,200000.0,2025-05-07,1,2,1,1
CUST-10360,Mcguire Inc,Discretionary Trust,True,Canada,Not a PEP,False,Commercial Conveyancing,Item 3 - Managing client money in a transaction,Remote (video/email only),Investment Manager,559000.0,2024-11-20,1,0,0,1
CUST-10361,Marilyn Mack,Individual,False,Australia,Not a PEP,False,Estate Administration,Item 3 - Managing client money in a transaction,Remote (video/email only),Teacher,73000.0,2025-02-13,0,0,0,1
CUST-10362,"Glenn, Jordan and Beasley",Unit Trust,True,United Kingdom,Not a PEP,False,Business Sale & Purchase,Item 3 - Managing client money in a transaction,Face-to-face,Small Business Owner,145000.0,2024-10-14,0,0,0,0
CUST-10363,Ronald Ross,Individual,False,United Kingdom,Not a PEP,False,Company Formation,Item 7 - Acting as director/secretary for a client entity,Face-to-face,Investment Manager,500000.0,2025-04-15,0,0,1,0
CUST-10364,"Davis, Simmons and Ortega",Pty Ltd Company - multi-layer ownership,True,Cambodia,Not a PEP,False,Trust Establishment,Item 7 - Acting as trustee for a client entity,Face-to-face,Retail Manager,64000.0,2025-05-15,1,1,1,0
CUST-10365,Christian Leblanc,Individual,False,Panama,Not a PEP,False,Business Sale & Purchase,Item 3 - Managing client money in a transaction,Remote (video/email only),Tradesperson,74000.0,2025-08-03,0,1,0,1
CUST-10366,Davis Inc,Family Trust,True,Democratic People's Republic of Korea,Not a PEP,False,Trust Establishment,Item 7 - Acting as trustee for a client entity,Face-to-face,Retail Manager,69000.0,2025-12-31,0,2,1,0
CUST-10367,Brent Rodgers,Individual,False,Canada,Not a PEP,False,Debt Financing Transaction,Item 4 - Assisting with debt financing,Face-to-face,IT Consultant,147000.0,2025-09-19,0,0,1,0
CUST-10368,Kristie Willis,Individual,False,Germany,Not a PEP,False,Estate Administration,Item 3 - Managing client money in a transaction,Face-to-face,Tradesperson,75000.0,2026-04-08,0,0,0,0
CUST-10369,"Hoffman, Santiago and Jenkins",Unit Trust,True,Vanuatu,Not a PEP,False,Company Formation,Item 7 - Acting as director/secretary for a client entity,Face-to-face,Tradesperson,77000.0,2024-10-15,0,1,1,0
CUST-10370,"Pugh, Henderson and Moon",Pty Ltd Company - simple,True,United States,Not a PEP,False,Nominee Director Arrangement,Item 7 - Acting as director for a client entity,Face-to-face,Engineer,113000.0,2025-01-04,0,0,2,0
CUST-10371,Dwayne Edwards,Individual,False,Canada,Not a PEP,False,Nominee Director Arrangement,Item 7 - Acting as director for a client entity,Face-to-face,Public Servant,64000.0,2026-05-04,0,0,2,0
CUST-10372,Jordan Moore,Individual,False,Japan,Not a PEP,False,Company Formation,Item 7 - Acting as director/secretary for a client entity,Face-to-face,Small Business Owner,205000.0,2025-02-25,0,0,1,0
CUST-10373,Walker-Rodriguez,Unit Trust,True,New Zealand,Not a PEP,False,Nominee Shareholder Arrangement,Item 8 - Acting as nominee shareholder,Remote (video/email only),Property Developer,418000.0,2026-07-10,0,0,2,1
CUST-10374,"Richardson, Farmer and Andrews",Unit Trust,True,Germany,Not a PEP,False,Commercial Conveyancing,Item 3 - Managing client money in a transaction,Face-to-face,Nurse,91000.0,2024-12-19,1,0,0,0
CUST-10375,Bruce-Villegas,Unit Trust,True,United States,Foreign PEP (high profile),False,Residential Conveyancing,Item 3 - Managing client money in a transaction,Face-to-face,Teacher,64000.0,2025-10-04,2,0,0,0
CUST-10376,"Austin, Day and Johnson",Family Trust,True,United Kingdom,Not a PEP,False,Business Sale & Purchase,Item 3 - Managing client money in a transaction,Remote (video/email only),Retail Manager,76000.0,2025-07-13,0,0,0,1
CUST-10377,Sandra Adams,Pty Ltd Company - multi-layer ownership,False,Germany,Not a PEP,False,Nominee Director Arrangement,Item 7 - Acting as director for a client entity,Face-to-face,Retail Manager,84000.0,2024-10-17,1,0,2,0
CUST-10378,Michael Parker,Individual,False,Germany,Not a PEP,False,Commercial Conveyancing,Item 3 - Managing client money in a transaction,Face-to-face,Retail Manager,85000.0,2024-12-03,0,0,0,0
CUST-10379,Aaron Kane,Individual,False,Democratic Republic of Congo,Not a PEP,False,Nominee Director Arrangement,Item 7 - Acting as director for a client entity,Via intermediary/referrer,Teacher,58000.0,2025-07-09,0,2,2,1
CUST-10380,"Sandoval, Jones and Figueroa",Foreign-incorporated entity,True,Canada,Not a PEP,False,Company Formation,Item 7 - Acting as director/secretary for a client entity,Remote (video/email only),Nurse,88000.0,2025-03-11,1,0,1,1
CUST-10381,Davis PLC,Pty Ltd Company - simple,True,United States,Not a PEP,False,Debt Financing Transaction,Item 4 - Assisting with debt financing,Face-to-face,Nurse,49000.0,2025-11-14,0,0,1,0
CUST-10382,Bennett Group,Family Trust,True,Japan,Not a PEP,False,Residential Conveyancing,Item 3 - Managing client money in a transaction,Remote (video/email only),Teacher,72000.0,2025-01-28,0,0,0,1
CUST-10383,Moore-Collins,Foreign-incorporated entity,True,Canada,Not a PEP,False,Nominee Director Arrangement,Item 7 - Acting as director for a client entity,Via intermediary/referrer,Real Estate Agent,117000.0,2025-03-23,1,0,2,1
CUST-10384,Todd Carlson,Individual,False,Canada,Not a PEP,False,Nominee Shareholder Arrangement,Item 8 - Acting as nominee shareholder,Via intermediary/referrer,Import/Export Trader,484000.0,2025-08-02,0,0,2,1
CUST-10385,Moore PLC,Foreign-incorporated entity,True,United States,Not a PEP,False,Nominee Director Arrangement,Item 7 - Acting as director for a client entity,Remote (video/email only),Company Director,403000.0,2025-12-02,1,0,2,1
CUST-10386,Brad Ramos,Individual,False,United States,Not a PEP,False,Debt Financing Transaction,Item 4 - Assisting with debt financing,Face-to-face,Tradesperson,45000.0,2025-11-27,0,0,1,0
CUST-10387,Lawrence Perry,Individual,False,Japan,Not a PEP,False,Commercial Conveyancing,Item 3 - Managing client money in a transaction,Face-to-face,Retail Manager,63000.0,2025-01-13,0,0,0,0
CUST-10388,Fischer Inc,Pty Ltd Company - simple,True,United States,Not a PEP,False,Trust Establishment,Item 7 - Acting as trustee for a client entity,Remote (video/email only),Nurse,87000.0,2024-11-28,0,0,1,1
CUST-10389,Jordan-Campbell,Pty Ltd Company - multi-layer ownership,True,New Zealand,Not a PEP,False,Nominee Director Arrangement,Item 7 - Acting as director for a client entity,Face-to-face,Engineer,215000.0,2025-04-17,1,0,2,0
CUST-10390,"Watkins, Rose and Parker",Pty Ltd Company - multi-layer ownership,True,Germany,Not a PEP,False,Business Sale & Purchase,Item 3 - Managing client money in a transaction,Face-to-face,Import/Export Trader,371000.0,2025-01-10,1,0,0,0
CUST-10391,William Brown,Individual,False,Cambodia,Not a PEP,False,Nominee Shareholder Arrangement,Item 8 - Acting as nominee shareholder,Face-to-face,Investment Manager,394000.0,2026-04-22,0,1,2,0
CUST-10392,Turner and Sons,Unit Trust,True,Australia,Foreign PEP (high profile),False,Commercial Conveyancing,Item 3 - Managing client money in a transaction,Face-to-face,Real Estate Agent,118000.0,2025-11-21,2,0,0,0
CUST-10393,Duran LLC,Discretionary Trust,True,Singapore,Not a PEP,False,Trust Establishment,Item 7 - Acting as trustee for a client entity,Face-to-face,Real Estate Agent,202000.0,2026-02-20,1,0,1,0
CUST-10394,Wilson-Jimenez,Foreign-incorporated entity,True,Vanuatu,Not a PEP,False,Business Sale & Purchase,Item 3 - Managing client money in a transaction,Remote (video/email only),Accountant,120000.0,2026-03-23,1,1,0,1
CUST-10395,Thompson-James,Discretionary Trust,True,United Kingdom,Not a PEP,False,Nominee Shareholder Arrangement,Item 8 - Acting as nominee shareholder,Face-to-face,Public Servant,60000.0,2025-01-19,0,0,2,0
CUST-10396,Kathryn Whitaker,Individual,False,United Kingdom,Not a PEP,False,Nominee Director Arrangement,Item 7 - Acting as director for a client entity,Remote (video/email only),Administrator,62000.0,2025-08-19,0,0,2,1
CUST-10397,Jones-Hensley,Pty Ltd Company - multi-layer ownership,True,Canada,Not a PEP,False,Debt Financing Transaction,Item 4 - Assisting with debt financing,Remote (video/email only),Investment Manager,439000.0,2024-10-27,1,0,1,1
CUST-10398,Graham Group,Unit Trust,True,Canada,Not a PEP,False,Nominee Director Arrangement,Item 7 - Acting as director for a client entity,Remote (video/email only),Teacher,64000.0,2024-11-15,1,0,2,1
CUST-10399,Shannon Johnston,Individual,False,Singapore,Not a PEP,False,Estate Administration,Item 3 - Managing client money in a transaction,Remote (video/email only),Nurse,62000.0,2025-10-06,0,0,0,1
CUST-10400,"Sullivan, Bowman and Roberts",Pty Ltd Company - multi-layer ownership,True,Canada,Not a PEP,False,Nominee Director Arrangement,Item 7 - Acting as director for a client entity,Remote (video/email only),Property Developer,377000.0,2026-02-16,1,0,2,1
CUST-10401,Vincent Jackson,Individual,False,Cyprus,Not a PEP,False,Commercial Conveyancing,Item 3 - Managing client money in a transaction,Face-to-face,Teacher,48000.0,2025-04-26,0,1,0,0
CUST-10402,"Stevens, Norris and Cox",Unit Trust,True,Cambodia,Not a PEP,False,Commercial Conveyancing,Item 3 - Managing client money in a transaction,Face-to-face,Administrator,92000.0,2026-01-01,0,1,0,0
CUST-10403,Brian Graham,Individual,False,Germany,Not a PEP,False,Company Formation,Item 7 - Acting as director/secretary for a client entity,Face-to-face,Real Estate Agent,203000.0,2025-05-02,0,0,1,0
CUST-10404,Warren-Foster,Unit Trust,True,Germany,Not a PEP,False,Nominee Shareholder Arrangement,Item 8 - Acting as nominee shareholder,Face-to-face,Engineer,149000.0,2025-02-23,0,0,2,0
CUST-10405,Reese-Walker,Pty Ltd Company - simple,True,Germany,Not a PEP,False,Nominee Director Arrangement,Item 7 - Acting as director for a client entity,Face-to-face,Nurse,60000.0,2026-08-23,0,0,2,0
CUST-10406,Jones Ltd,Unit Trust,True,United Kingdom,Not a PEP,False,Residential Conveyancing,Item 3 - Managing client money in a transaction,Remote (video/email only),Accountant,132000.0,2025-10-28,0,0,0,1
CUST-10407,Schmidt and Sons,Foreign-incorporated entity,True,Australia,Not a PEP,False,Nominee Shareholder Arrangement,Item 8 - Acting as nominee shareholder,Face-to-face,Administrator,82000.0,2025-07-20,1,0,2,0
CUST-10408,Bell-Mullen,Family Trust,True,New Zealand,Not a PEP,False,Business Sale & Purchase,Item 3 - Managing client money in a transaction,Face-to-face,Real Estate Agent,147000.0,2026-02-18,0,0,0,0
CUST-10409,Brittany Garcia,Individual,False,Germany,Not a PEP,False,Nominee Director Arrangement,Item 7 - Acting as director for a client entity,Face-to-face,Teacher,93000.0,2026-08-01,0,0,2,0
CUST-10410,Christopher Hernandez,Individual,False,Canada,Not a PEP,False,Residential Conveyancing,Item 3 - Managing client money in a transaction,Face-to-face,Public Servant,56000.0,2025-06-19,0,0,0,0
CUST-10411,"Jones, Bean and Burton",Pty Ltd Company - simple,True,Germany,Not a PEP,False,Residential Conveyancing,Item 3 - Managing client money in a transaction,Face-to-face,IT Consultant,102000.0,2025-07-18,0,0,0,0
CUST-10412,Justin Riley,Individual,False,United Kingdom,Not a PEP,False,Estate Administration,Item 3 - Managing client money in a transaction,Remote (video/email only),Administrator,57000.0,2025-05-27,0,0,0,1
CUST-10413,Sonia Day,Individual,False,Australia,Not a PEP,False,Commercial Conveyancing,Item 3 - Managing client money in a transaction,Face-to-face,Property Developer,368000.0,2025-10-08,0,0,0,0
CUST-10414,"Morris, Maddox and Stewart",Pty Ltd Company - multi-layer ownership,True,Australia,Not a PEP,False,Commercial Conveyancing,Item 3 - Managing client money in a transaction,Face-to-face,IT Consultant,140000.0,2026-07-01,1,0,0,0
CUST-10415,John Welch,Individual,False,United States,Not a PEP,False,Company Formation,Item 7 - Acting as director/secretary for a client entity,Remote (video/email only),Accountant,194000.0,2026-08-14,0,0,1,1
CUST-10416,Leslie Bell,Individual,False,Germany,Not a PEP,False,Commercial Conveyancing,Item 3 - Managing client money in a transaction,Face-to-face,Engineer,137000.0,2024-11-21,0,0,0,0
CUST-10417,Joel Johnson,Individual,False,Cyprus,Not a PEP,False,Company Formation,Item 7 - Acting as director/secretary for a client entity,Face-to-face,Tradesperson,84000.0,2025-09-02,0,1,1,0
CUST-10418,Decker-Jones,Discretionary Trust,True,Australia,Not a PEP,False,Company Formation,Item 7 - Acting as director/secretary for a client entity,Face-to-face,Administrator,67000.0,2025-04-09,1,0,1,0
CUST-10419,Savannah Gilbert,Individual,False,Singapore,Not a PEP,False,Nominee Shareholder Arrangement,Item 8 - Acting as nominee shareholder,Face-to-face,Accountant,132000.0,2025-11-27,0,0,2,0
